2026-07-27 15:37:48.749  INFO --- [restartedMain] c.a.r.p.PortfolioApiApplication          :
        Starting PortfolioApiApplication using Java 25.0.3 with PID 23752 (D:\kodingan\personal\portfolio-api\target\classes started by fujiy in D:\kodingan\personal\portfolio-api)
2026-07-27 15:37:48.753  INFO --- [restartedMain] c.a.r.p.PortfolioApiApplication          :
        The following 1 profile is active: "dev"
2026-07-27 15:37:48.794  INFO --- [restartedMain] .e.DevToolsPropertyDefaultsPostProcessor :
        Devtools property defaults active! Set 'spring.devtools.add-properties' to 'false' to disable
2026-07-27 15:37:48.794  INFO --- [restartedMain] .e.DevToolsPropertyDefaultsPostProcessor :
        For additional web related logging consider setting the 'logging.level.web' property to 'DEBUG'
2026-07-27 15:37:50.239  INFO --- [restartedMain] .s.d.r.c.RepositoryConfigurationDelegate :
        Multiple Spring Data modules found, entering strict repository configuration mode
2026-07-27 15:37:50.241  INFO --- [restartedMain] .s.d.r.c.RepositoryConfigurationDelegate :
        Bootstrapping Spring Data JPA repositories in DEFAULT mode.
2026-07-27 15:37:50.394  INFO --- [restartedMain] .s.d.r.c.RepositoryConfigurationDelegate :
        Finished Spring Data repository scanning in 141 ms. Found 6 JPA repository interfaces.
2026-07-27 15:37:50.448  INFO --- [restartedMain] .s.d.r.c.RepositoryConfigurationDelegate :
        Multiple Spring Data modules found, entering strict repository configuration mode
2026-07-27 15:37:50.449  INFO --- [restartedMain] .s.d.r.c.RepositoryConfigurationDelegate :
        Bootstrapping Spring Data Redis repositories in DEFAULT mode.
2026-07-27 15:37:50.463  INFO --- [restartedMain] .RepositoryConfigurationExtensionSupport :
        Spring Data Redis - Could not safely identify store assignment for repository candidate interface com.api.rizz.portfolio_api.repository.BlogAttachmentRepository; If you want this repository to be a Redis repository, consider annotating your entities with one of these annotations: org.springframework.data.redis.core.RedisHash (preferred), or consider extending one of the following types with your repository: org.springframework.data.keyvalue.repository.KeyValueRepository
2026-07-27 15:37:50.464  INFO --- [restartedMain] .RepositoryConfigurationExtensionSupport :
        Spring Data Redis - Could not safely identify store assignment for repository candidate interface com.api.rizz.portfolio_api.repository.BlogRepository; If you want this repository to be a Redis repository, consider annotating your entities with one of these annotations: org.springframework.data.redis.core.RedisHash (preferred), or consider extending one of the following types with your repository: org.springframework.data.keyvalue.repository.KeyValueRepository
2026-07-27 15:37:50.464  INFO --- [restartedMain] .RepositoryConfigurationExtensionSupport :
        Spring Data Redis - Could not safely identify store assignment for repository candidate interface com.api.rizz.portfolio_api.repository.ExperienceRepository; If you want this repository to be a Redis repository, consider annotating your entities with one of these annotations: org.springframework.data.redis.core.RedisHash (preferred), or consider extending one of the following types with your repository: org.springframework.data.keyvalue.repository.KeyValueRepository
2026-07-27 15:37:50.464  INFO --- [restartedMain] .RepositoryConfigurationExtensionSupport :
        Spring Data Redis - Could not safely identify store assignment for repository candidate interface com.api.rizz.portfolio_api.repository.ProjectRepository; If you want this repository to be a Redis repository, consider annotating your entities with one of these annotations: org.springframework.data.redis.core.RedisHash (preferred), or consider extending one of the following types with your repository: org.springframework.data.keyvalue.repository.KeyValueRepository
2026-07-27 15:37:50.464  INFO --- [restartedMain] .RepositoryConfigurationExtensionSupport :
        Spring Data Redis - Could not safely identify store assignment for repository candidate interface com.api.rizz.portfolio_api.repository.UseRepository; If you want this repository to be a Redis repository, consider annotating your entities with one of these annotations: org.springframework.data.redis.core.RedisHash (preferred), or consider extending one of the following types with your repository: org.springframework.data.keyvalue.repository.KeyValueRepository
2026-07-27 15:37:50.465  INFO --- [restartedMain] .RepositoryConfigurationExtensionSupport :
        Spring Data Redis - Could not safely identify store assignment for repository candidate interface com.api.rizz.portfolio_api.repository.UserRepository; If you want this repository to be a Redis repository, consider annotating your entities with one of these annotations: org.springframework.data.redis.core.RedisHash (preferred), or consider extending one of the following types with your repository: org.springframework.data.keyvalue.repository.KeyValueRepository
2026-07-27 15:37:50.465  INFO --- [restartedMain] .s.d.r.c.RepositoryConfigurationDelegate :
        Finished Spring Data repository scanning in 7 ms. Found 0 Redis repository interfaces.
2026-07-27 15:37:51.097  INFO --- [restartedMain] o.s.boot.tomcat.TomcatWebServer          :
        Tomcat initialized with port 8080 (http)
2026-07-27 15:37:51.118  INFO --- [restartedMain] o.apache.catalina.core.StandardService   :
        Starting service [Tomcat]
2026-07-27 15:37:51.120  INFO --- [restartedMain] o.apache.catalina.core.StandardEngine    :
        Starting Servlet engine: [Apache Tomcat/11.0.22]
2026-07-27 15:37:51.179  INFO --- [restartedMain] b.w.c.s.WebApplicationContextInitializer :
        Root WebApplicationContext: initialization completed in 2384 ms
2026-07-27 15:37:51.488  INFO --- [restartedMain] com.zaxxer.hikari.HikariDataSource       :
        HikariPool-1 - Starting...
2026-07-27 15:37:58.334  INFO --- [restartedMain] com.zaxxer.hikari.pool.HikariPool        :
        HikariPool-1 - Added connection org.postgresql.jdbc.PgConnection@3fbe7e43
2026-07-27 15:37:58.335  INFO --- [restartedMain] com.zaxxer.hikari.HikariDataSource       :
        HikariPool-1 - Start completed.
2026-07-27 15:37:58.434  INFO --- [restartedMain] org.flywaydb.core.FlywayExecutor         :
        Database: jdbc:postgresql://ep-divine-meadow-ao56u82a-pooler.c-2.ap-southeast-1.aws.neon.tech/neondb?user=neondb_owner&password=********&sslmode=require&channelBinding=require (PostgreSQL 18.4)
2026-07-27 15:37:59.795  INFO --- [restartedMain] o.f.core.internal.command.DbValidate     :
        Successfully validated 6 migrations (execution time 00:00.420s)
2026-07-27 15:38:01.307  INFO --- [restartedMain] o.f.core.internal.command.DbMigrate      :
        Current version of schema "public": 6
2026-07-27 15:38:01.516  INFO --- [restartedMain] o.f.core.internal.command.DbMigrate      :
        Schema "public" is up to date. No migration necessary.
2026-07-27 15:38:02.316  INFO --- [restartedMain] org.hibernate.orm.jpa                    :
        HHH008540: Processing PersistenceUnitInfo [name: default]
2026-07-27 15:38:02.365  INFO --- [restartedMain] org.hibernate.orm.core                   :
        HHH000001: Hibernate ORM core version 7.4.1.Final
2026-07-27 15:38:02.653  INFO --- [restartedMain] o.s.o.j.p.SpringPersistenceUnitInfo      :
        No LoadTimeWeaver setup: ignoring JPA class transformer
2026-07-27 15:38:03.475  INFO --- [restartedMain] org.hibernate.orm.connections.pooling    :
        HHH10001005: Database info:
	Database JDBC URL [jdbc:postgresql://ep-divine-meadow-ao56u82a-pooler.c-2.ap-southeast-1.aws.neon.tech/neondb?user=neondb_owner&password=npg_JNezHr24wRvm&sslmode=require&channelBinding=require]
	Database driver: PostgreSQL JDBC Driver
	Database dialect: PostgreSQLDialect
	Database version: 18.4
	Default catalog/schema: neondb/public
	Autocommit mode: undefined/unknown
	Isolation level: READ_COMMITTED [default READ_COMMITTED]
	JDBC fetch size: none
	Pool: DataSourceConnectionProvider
	Minimum pool size: undefined/unknown
	Maximum pool size: undefined/unknown
2026-07-27 15:38:04.251  INFO --- [restartedMain] org.hibernate.orm.core                   :
        HHH000489: No JTA platform available (set 'hibernate.transaction.jta.platform' to enable JTA platform integration)
2026-07-27 15:38:04.256  INFO --- [restartedMain] j.LocalContainerEntityManagerFactoryBean :
        Initialized JPA EntityManagerFactory for persistence unit 'default'
2026-07-27 15:38:04.302  INFO --- [restartedMain] o.s.d.j.r.query.QueryEnhancerFactories   :
        Hibernate is in classpath; If applicable, HQL parser will be used.
2026-07-27 15:38:04.500  INFO --- [restartedMain] eAuthenticationProviderManagerConfigurer :
        Global AuthenticationManager configured with AuthenticationProvider bean with name authenticationProvider
2026-07-27 15:38:04.501  WARN --- [restartedMain] r$InitializeUserDetailsManagerConfigurer :
        Global AuthenticationManager configured with an AuthenticationProvider bean. UserDetailsService beans will not be used by Spring Security for automatically configuring username/password login. Consider removing the AuthenticationProvider bean. Alternatively, consider using the UserDetailsService in a manually instantiated DaoAuthenticationProvider. If the current configuration is intentional, to turn off this warning, increase the logging level of 'org.springframework.security.config.annotation.authentication.configuration.InitializeUserDetailsBeanManagerConfigurer' to ERROR
2026-07-27 15:38:04.815 DEBUG --- [restartedMain] o.s.s.web.DefaultSecurityFilterChain     :
        Will secure any request with filters: DisableEncodeUrlFilter, WebAsyncManagerIntegrationFilter, SecurityContextHolderFilter, HeaderWriterFilter, LogoutFilter, JwtAuthFilter, RequestCacheAwareFilter, SecurityContextHolderAwareRequestFilter, AnonymousAuthenticationFilter, SessionManagementFilter, ExceptionTranslationFilter, AuthorizationFilter
2026-07-27 15:38:05.517  INFO --- [restartedMain] o.s.b.a.e.web.EndpointLinksResolver      :
        Exposing 1 endpoint beneath base path '/actuator'
2026-07-27 15:38:05.593  INFO --- [restartedMain] o.s.boot.tomcat.TomcatWebServer          :
        Tomcat started on port 8080 (http) with context path '/api/v1'
2026-07-27 15:38:05.599  INFO --- [restartedMain] c.a.r.p.PortfolioApiApplication          :
        Started PortfolioApiApplication in 17.251 seconds (process running for 18.204)
2026-07-27 15:38:05.604  INFO --- [restartedMain] c.a.r.p.seeder.DatabaseSeeder            :
        Mengeksekusi isolasi seeder untuk environment development...
2026-07-27 15:38:06.068  INFO --- [restartedMain] c.a.r.p.seeder.ProjectSeeder             :
        Projects table has already have a data. Skipping seeding for project entity.
2026-07-27 15:38:06.343  INFO --- [restartedMain] c.a.r.p.seeder.ExperienceSeeder          :
        Experiences table has already have a data. Skipping seeding for experience entity.
2026-07-27 15:38:06.558  INFO --- [restartedMain] c.a.r.portfolio_api.seeder.BlogSeeder    :
        Blogs table has already have a data. Skipping seeding for blog entity.
2026-07-27 15:38:06.615  INFO --- [RMI TCP Connection(2)-127.0.0.1] o.a.c.c.C.[.[localhost].[/api/v1]        :
        Initializing Spring DispatcherServlet 'dispatcherServlet'
2026-07-27 15:38:06.616  INFO --- [RMI TCP Connection(2)-127.0.0.1] o.s.web.servlet.DispatcherServlet        :
        Initializing Servlet 'dispatcherServlet'
2026-07-27 15:38:06.616  INFO --- [RMI TCP Connection(2)-127.0.0.1] o.s.web.servlet.DispatcherServlet        :
        Completed initialization in 0 ms
2026-07-27 15:38:06.883  INFO --- [restartedMain] c.a.rizz.portfolio_api.seeder.UseSeeder  :
        Uses table has already have a data. Skipping seeding for use entity.
2026-07-27 15:38:06.883  INFO --- [restartedMain] c.a.r.p.seeder.DatabaseSeeder            :
        Seluruh mock data berhasil diinjeksi.
2026-07-27 15:41:04.707  INFO --- [File Watcher] rtingClassPathChangeChangedEventListener :
        Restarting due to 2 class path changes (0 additions, 0 deletions, 2 modifications)
2026-07-27 15:41:04.712  INFO --- [Thread-1] o.s.boot.tomcat.GracefulShutdown         :
        Commencing graceful shutdown. Waiting for active requests to complete
2026-07-27 15:41:04.724  INFO --- [tomcat-shutdown] o.s.boot.tomcat.GracefulShutdown         :
        Graceful shutdown complete
2026-07-27 15:41:04.852  INFO --- [Thread-1] j.LocalContainerEntityManagerFactoryBean :
        Closing JPA EntityManagerFactory for persistence unit 'default'
2026-07-27 15:41:04.861  INFO --- [Thread-1] com.zaxxer.hikari.HikariDataSource       :
        HikariPool-1 - Shutdown initiated...
2026-07-27 15:41:05.622  INFO --- [Thread-1] com.zaxxer.hikari.HikariDataSource       :
        HikariPool-1 - Shutdown completed.
2026-07-27 15:41:05.741  INFO --- [restartedMain] c.a.r.p.PortfolioApiApplication          :
        Starting PortfolioApiApplication using Java 25.0.3 with PID 23752 (D:\kodingan\personal\portfolio-api\target\classes started by fujiy in D:\kodingan\personal\portfolio-api)
2026-07-27 15:41:05.742  INFO --- [restartedMain] c.a.r.p.PortfolioApiApplication          :
        The following 1 profile is active: "dev"
2026-07-27 15:41:06.188  INFO --- [restartedMain] .s.d.r.c.RepositoryConfigurationDelegate :
        Multiple Spring Data modules found, entering strict repository configuration mode
2026-07-27 15:41:06.188  INFO --- [restartedMain] .s.d.r.c.RepositoryConfigurationDelegate :
        Bootstrapping Spring Data JPA repositories in DEFAULT mode.
2026-07-27 15:41:06.208  INFO --- [restartedMain] .s.d.r.c.RepositoryConfigurationDelegate :
        Finished Spring Data repository scanning in 17 ms. Found 6 JPA repository interfaces.
2026-07-27 15:41:06.214  INFO --- [restartedMain] .s.d.r.c.RepositoryConfigurationDelegate :
        Multiple Spring Data modules found, entering strict repository configuration mode
2026-07-27 15:41:06.214  INFO --- [restartedMain] .s.d.r.c.RepositoryConfigurationDelegate :
        Bootstrapping Spring Data Redis repositories in DEFAULT mode.
2026-07-27 15:41:06.218  INFO --- [restartedMain] .RepositoryConfigurationExtensionSupport :
        Spring Data Redis - Could not safely identify store assignment for repository candidate interface com.api.rizz.portfolio_api.repository.BlogAttachmentRepository; If you want this repository to be a Redis repository, consider annotating your entities with one of these annotations: org.springframework.data.redis.core.RedisHash (preferred), or consider extending one of the following types with your repository: org.springframework.data.keyvalue.repository.KeyValueRepository
2026-07-27 15:41:06.219  INFO --- [restartedMain] .RepositoryConfigurationExtensionSupport :
        Spring Data Redis - Could not safely identify store assignment for repository candidate interface com.api.rizz.portfolio_api.repository.BlogRepository; If you want this repository to be a Redis repository, consider annotating your entities with one of these annotations: org.springframework.data.redis.core.RedisHash (preferred), or consider extending one of the following types with your repository: org.springframework.data.keyvalue.repository.KeyValueRepository
2026-07-27 15:41:06.221  INFO --- [restartedMain] .RepositoryConfigurationExtensionSupport :
        Spring Data Redis - Could not safely identify store assignment for repository candidate interface com.api.rizz.portfolio_api.repository.ExperienceRepository; If you want this repository to be a Redis repository, consider annotating your entities with one of these annotations: org.springframework.data.redis.core.RedisHash (preferred), or consider extending one of the following types with your repository: org.springframework.data.keyvalue.repository.KeyValueRepository
2026-07-27 15:41:06.222  INFO --- [restartedMain] .RepositoryConfigurationExtensionSupport :
        Spring Data Redis - Could not safely identify store assignment for repository candidate interface com.api.rizz.portfolio_api.repository.ProjectRepository; If you want this repository to be a Redis repository, consider annotating your entities with one of these annotations: org.springframework.data.redis.core.RedisHash (preferred), or consider extending one of the following types with your repository: org.springframework.data.keyvalue.repository.KeyValueRepository
2026-07-27 15:41:06.223  INFO --- [restartedMain] .RepositoryConfigurationExtensionSupport :
        Spring Data Redis - Could not safely identify store assignment for repository candidate interface com.api.rizz.portfolio_api.repository.UseRepository; If you want this repository to be a Redis repository, consider annotating your entities with one of these annotations: org.springframework.data.redis.core.RedisHash (preferred), or consider extending one of the following types with your repository: org.springframework.data.keyvalue.repository.KeyValueRepository
2026-07-27 15:41:06.223  INFO --- [restartedMain] .RepositoryConfigurationExtensionSupport :
        Spring Data Redis - Could not safely identify store assignment for repository candidate interface com.api.rizz.portfolio_api.repository.UserRepository; If you want this repository to be a Redis repository, consider annotating your entities with one of these annotations: org.springframework.data.redis.core.RedisHash (preferred), or consider extending one of the following types with your repository: org.springframework.data.keyvalue.repository.KeyValueRepository
2026-07-27 15:41:06.223  INFO --- [restartedMain] .s.d.r.c.RepositoryConfigurationDelegate :
        Finished Spring Data repository scanning in 7 ms. Found 0 Redis repository interfaces.
2026-07-27 15:41:06.315  INFO --- [restartedMain] o.s.boot.tomcat.TomcatWebServer          :
        Tomcat initialized with port 8080 (http)
2026-07-27 15:41:06.316  INFO --- [restartedMain] o.apache.catalina.core.StandardService   :
        Starting service [Tomcat]
2026-07-27 15:41:06.316  INFO --- [restartedMain] o.apache.catalina.core.StandardEngine    :
        Starting Servlet engine: [Apache Tomcat/11.0.22]
2026-07-27 15:41:06.340  INFO --- [restartedMain] b.w.c.s.WebApplicationContextInitializer :
        Root WebApplicationContext: initialization completed in 596 ms
2026-07-27 15:41:06.437  INFO --- [restartedMain] com.zaxxer.hikari.HikariDataSource       :
        HikariPool-2 - Starting...
2026-07-27 15:41:06.960  INFO --- [restartedMain] com.zaxxer.hikari.pool.HikariPool        :
        HikariPool-2 - Added connection org.postgresql.jdbc.PgConnection@69d16a0c
2026-07-27 15:41:06.961  INFO --- [restartedMain] com.zaxxer.hikari.HikariDataSource       :
        HikariPool-2 - Start completed.
2026-07-27 15:41:07.010  INFO --- [restartedMain] org.flywaydb.core.FlywayExecutor         :
        Database: jdbc:postgresql://ep-divine-meadow-ao56u82a-pooler.c-2.ap-southeast-1.aws.neon.tech/neondb?user=neondb_owner&password=********&sslmode=require&channelBinding=require (PostgreSQL 18.4)
2026-07-27 15:41:07.825  INFO --- [restartedMain] o.f.core.internal.command.DbValidate     :
        Successfully validated 6 migrations (execution time 00:00.240s)
2026-07-27 15:41:08.649  INFO --- [restartedMain] o.f.core.internal.command.DbMigrate      :
        Current version of schema "public": 6
2026-07-27 15:41:08.707  INFO --- [restartedMain] o.f.core.internal.command.DbMigrate      :
        Schema "public" is up to date. No migration necessary.
2026-07-27 15:41:09.337  INFO --- [restartedMain] org.hibernate.orm.jpa                    :
        HHH008540: Processing PersistenceUnitInfo [name: default]
2026-07-27 15:41:09.373  INFO --- [restartedMain] o.s.o.j.p.SpringPersistenceUnitInfo      :
        No LoadTimeWeaver setup: ignoring JPA class transformer
2026-07-27 15:41:09.940  INFO --- [restartedMain] org.hibernate.orm.connections.pooling    :
        HHH10001005: Database info:
	Database JDBC URL [jdbc:postgresql://ep-divine-meadow-ao56u82a-pooler.c-2.ap-southeast-1.aws.neon.tech/neondb?user=neondb_owner&password=npg_JNezHr24wRvm&sslmode=require&channelBinding=require]
	Database driver: PostgreSQL JDBC Driver
	Database dialect: PostgreSQLDialect
	Database version: 18.4
	Default catalog/schema: neondb/public
	Autocommit mode: undefined/unknown
	Isolation level: READ_COMMITTED [default READ_COMMITTED]
	JDBC fetch size: none
	Pool: DataSourceConnectionProvider
	Minimum pool size: undefined/unknown
	Maximum pool size: undefined/unknown
2026-07-27 15:41:10.073  INFO --- [restartedMain] org.hibernate.orm.core                   :
        HHH000489: No JTA platform available (set 'hibernate.transaction.jta.platform' to enable JTA platform integration)
2026-07-27 15:41:10.074  INFO --- [restartedMain] j.LocalContainerEntityManagerFactoryBean :
        Initialized JPA EntityManagerFactory for persistence unit 'default'
2026-07-27 15:41:10.120  INFO --- [restartedMain] eAuthenticationProviderManagerConfigurer :
        Global AuthenticationManager configured with AuthenticationProvider bean with name authenticationProvider
2026-07-27 15:41:10.121  WARN --- [restartedMain] r$InitializeUserDetailsManagerConfigurer :
        Global AuthenticationManager configured with an AuthenticationProvider bean. UserDetailsService beans will not be used by Spring Security for automatically configuring username/password login. Consider removing the AuthenticationProvider bean. Alternatively, consider using the UserDetailsService in a manually instantiated DaoAuthenticationProvider. If the current configuration is intentional, to turn off this warning, increase the logging level of 'org.springframework.security.config.annotation.authentication.configuration.InitializeUserDetailsBeanManagerConfigurer' to ERROR
2026-07-27 15:41:10.242 DEBUG --- [restartedMain] o.s.s.web.DefaultSecurityFilterChain     :
        Will secure any request with filters: DisableEncodeUrlFilter, WebAsyncManagerIntegrationFilter, SecurityContextHolderFilter, HeaderWriterFilter, LogoutFilter, JwtAuthFilter, RequestCacheAwareFilter, SecurityContextHolderAwareRequestFilter, AnonymousAuthenticationFilter, SessionManagementFilter, ExceptionTranslationFilter, AuthorizationFilter
2026-07-27 15:41:10.342  INFO --- [restartedMain] o.s.b.a.e.web.EndpointLinksResolver      :
        Exposing 1 endpoint beneath base path '/actuator'
2026-07-27 15:41:10.356  INFO --- [restartedMain] o.s.boot.tomcat.TomcatWebServer          :
        Tomcat started on port 8080 (http) with context path '/api/v1'
2026-07-27 15:41:10.359  INFO --- [restartedMain] c.a.r.p.PortfolioApiApplication          :
        Started PortfolioApiApplication in 4.668 seconds (process running for 202.963)
2026-07-27 15:41:10.359  INFO --- [restartedMain] c.a.r.p.seeder.DatabaseSeeder            :
        Mengeksekusi isolasi seeder untuk environment development...
2026-07-27 15:41:10.556  INFO --- [restartedMain] c.a.r.p.seeder.ProjectSeeder             :
        Projects table has already have a data. Skipping seeding for project entity.
2026-07-27 15:41:10.764  INFO --- [restartedMain] c.a.r.p.seeder.ExperienceSeeder          :
        Experiences table has already have a data. Skipping seeding for experience entity.
2026-07-27 15:41:10.911  INFO --- [restartedMain] c.a.r.portfolio_api.seeder.BlogSeeder    :
        Blogs table has already have a data. Skipping seeding for blog entity.
2026-07-27 15:41:11.070  INFO --- [restartedMain] c.a.rizz.portfolio_api.seeder.UseSeeder  :
        Uses table has already have a data. Skipping seeding for use entity.
2026-07-27 15:41:11.071  INFO --- [restartedMain] c.a.r.p.seeder.DatabaseSeeder            :
        Seluruh mock data berhasil diinjeksi.
2026-07-27 15:41:11.072  INFO --- [restartedMain] .ConditionEvaluationDeltaLoggingListener :
        Condition evaluation unchanged
2026-07-27 15:41:11.777  INFO --- [File Watcher] rtingClassPathChangeChangedEventListener :
        Restarting due to 9 class path changes (0 additions, 0 deletions, 9 modifications)
2026-07-27 15:41:11.779  INFO --- [Thread-5] o.s.boot.tomcat.GracefulShutdown         :
        Commencing graceful shutdown. Waiting for active requests to complete
2026-07-27 15:41:11.782  INFO --- [tomcat-shutdown] o.s.boot.tomcat.GracefulShutdown         :
        Graceful shutdown complete
2026-07-27 15:41:11.789  INFO --- [Thread-5] j.LocalContainerEntityManagerFactoryBean :
        Closing JPA EntityManagerFactory for persistence unit 'default'
2026-07-27 15:41:11.790  INFO --- [Thread-5] com.zaxxer.hikari.HikariDataSource       :
        HikariPool-2 - Shutdown initiated...
2026-07-27 15:41:12.263  INFO --- [Thread-5] com.zaxxer.hikari.HikariDataSource       :
        HikariPool-2 - Shutdown completed.
2026-07-27 15:41:12.331  INFO --- [restartedMain] c.a.r.p.PortfolioApiApplication          :
        Starting PortfolioApiApplication using Java 25.0.3 with PID 23752 (D:\kodingan\personal\portfolio-api\target\classes started by fujiy in D:\kodingan\personal\portfolio-api)
2026-07-27 15:41:12.332  INFO --- [restartedMain] c.a.r.p.PortfolioApiApplication          :
        The following 1 profile is active: "dev"
2026-07-27 15:41:12.498  INFO --- [restartedMain] .s.d.r.c.RepositoryConfigurationDelegate :
        Multiple Spring Data modules found, entering strict repository configuration mode
2026-07-27 15:41:12.498  INFO --- [restartedMain] .s.d.r.c.RepositoryConfigurationDelegate :
        Bootstrapping Spring Data JPA repositories in DEFAULT mode.
2026-07-27 15:41:12.515  INFO --- [restartedMain] .s.d.r.c.RepositoryConfigurationDelegate :
        Finished Spring Data repository scanning in 15 ms. Found 6 JPA repository interfaces.
2026-07-27 15:41:12.521  INFO --- [restartedMain] .s.d.r.c.RepositoryConfigurationDelegate :
        Multiple Spring Data modules found, entering strict repository configuration mode
2026-07-27 15:41:12.521  INFO --- [restartedMain] .s.d.r.c.RepositoryConfigurationDelegate :
        Bootstrapping Spring Data Redis repositories in DEFAULT mode.
2026-07-27 15:41:12.525  INFO --- [restartedMain] .RepositoryConfigurationExtensionSupport :
        Spring Data Redis - Could not safely identify store assignment for repository candidate interface com.api.rizz.portfolio_api.repository.BlogAttachmentRepository; If you want this repository to be a Redis repository, consider annotating your entities with one of these annotations: org.springframework.data.redis.core.RedisHash (preferred), or consider extending one of the following types with your repository: org.springframework.data.keyvalue.repository.KeyValueRepository
2026-07-27 15:41:12.525  INFO --- [restartedMain] .RepositoryConfigurationExtensionSupport :
        Spring Data Redis - Could not safely identify store assignment for repository candidate interface com.api.rizz.portfolio_api.repository.BlogRepository; If you want this repository to be a Redis repository, consider annotating your entities with one of these annotations: org.springframework.data.redis.core.RedisHash (preferred), or consider extending one of the following types with your repository: org.springframework.data.keyvalue.repository.KeyValueRepository
2026-07-27 15:41:12.526  INFO --- [restartedMain] .RepositoryConfigurationExtensionSupport :
        Spring Data Redis - Could not safely identify store assignment for repository candidate interface com.api.rizz.portfolio_api.repository.ExperienceRepository; If you want this repository to be a Redis repository, consider annotating your entities with one of these annotations: org.springframework.data.redis.core.RedisHash (preferred), or consider extending one of the following types with your repository: org.springframework.data.keyvalue.repository.KeyValueRepository
2026-07-27 15:41:12.526  INFO --- [restartedMain] .RepositoryConfigurationExtensionSupport :
        Spring Data Redis - Could not safely identify store assignment for repository candidate interface com.api.rizz.portfolio_api.repository.ProjectRepository; If you want this repository to be a Redis repository, consider annotating your entities with one of these annotations: org.springframework.data.redis.core.RedisHash (preferred), or consider extending one of the following types with your repository: org.springframework.data.keyvalue.repository.KeyValueRepository
2026-07-27 15:41:12.526  INFO --- [restartedMain] .RepositoryConfigurationExtensionSupport :
        Spring Data Redis - Could not safely identify store assignment for repository candidate interface com.api.rizz.portfolio_api.repository.UseRepository; If you want this repository to be a Redis repository, consider annotating your entities with one of these annotations: org.springframework.data.redis.core.RedisHash (preferred), or consider extending one of the following types with your repository: org.springframework.data.keyvalue.repository.KeyValueRepository
2026-07-27 15:41:12.526  INFO --- [restartedMain] .RepositoryConfigurationExtensionSupport :
        Spring Data Redis - Could not safely identify store assignment for repository candidate interface com.api.rizz.portfolio_api.repository.UserRepository; If you want this repository to be a Redis repository, consider annotating your entities with one of these annotations: org.springframework.data.redis.core.RedisHash (preferred), or consider extending one of the following types with your repository: org.springframework.data.keyvalue.repository.KeyValueRepository
2026-07-27 15:41:12.527  INFO --- [restartedMain] .s.d.r.c.RepositoryConfigurationDelegate :
        Finished Spring Data repository scanning in 4 ms. Found 0 Redis repository interfaces.
2026-07-27 15:41:12.779  INFO --- [restartedMain] o.s.boot.tomcat.TomcatWebServer          :
        Tomcat initialized with port 8080 (http)
2026-07-27 15:41:12.781  INFO --- [restartedMain] o.apache.catalina.core.StandardService   :
        Starting service [Tomcat]
2026-07-27 15:41:12.781  INFO --- [restartedMain] o.apache.catalina.core.StandardEngine    :
        Starting Servlet engine: [Apache Tomcat/11.0.22]
2026-07-27 15:41:12.826  INFO --- [restartedMain] b.w.c.s.WebApplicationContextInitializer :
        Root WebApplicationContext: initialization completed in 492 ms
2026-07-27 15:41:12.865  INFO --- [restartedMain] com.zaxxer.hikari.HikariDataSource       :
        HikariPool-3 - Starting...
2026-07-27 15:41:13.295  INFO --- [restartedMain] com.zaxxer.hikari.pool.HikariPool        :
        HikariPool-3 - Added connection org.postgresql.jdbc.PgConnection@3ba187b8
2026-07-27 15:41:13.296  INFO --- [restartedMain] com.zaxxer.hikari.HikariDataSource       :
        HikariPool-3 - Start completed.
2026-07-27 15:41:13.442  INFO --- [restartedMain] org.flywaydb.core.FlywayExecutor         :
        Database: jdbc:postgresql://ep-divine-meadow-ao56u82a-pooler.c-2.ap-southeast-1.aws.neon.tech/neondb?user=neondb_owner&password=********&sslmode=require&channelBinding=require (PostgreSQL 18.4)
2026-07-27 15:41:14.849  INFO --- [restartedMain] o.f.core.internal.command.DbValidate     :
        Successfully validated 6 migrations (execution time 00:00.385s)
2026-07-27 15:41:15.593  INFO --- [restartedMain] o.f.core.internal.command.DbMigrate      :
        Current version of schema "public": 6
2026-07-27 15:41:15.655  INFO --- [restartedMain] o.f.core.internal.command.DbMigrate      :
        Schema "public" is up to date. No migration necessary.
2026-07-27 15:41:15.952  INFO --- [restartedMain] org.hibernate.orm.jpa                    :
        HHH008540: Processing PersistenceUnitInfo [name: default]
2026-07-27 15:41:15.974  INFO --- [restartedMain] o.s.o.j.p.SpringPersistenceUnitInfo      :
        No LoadTimeWeaver setup: ignoring JPA class transformer
2026-07-27 15:41:16.275  INFO --- [restartedMain] org.hibernate.orm.connections.pooling    :
        HHH10001005: Database info:
	Database JDBC URL [jdbc:postgresql://ep-divine-meadow-ao56u82a-pooler.c-2.ap-southeast-1.aws.neon.tech/neondb?user=neondb_owner&password=npg_JNezHr24wRvm&sslmode=require&channelBinding=require]
	Database driver: PostgreSQL JDBC Driver
	Database dialect: PostgreSQLDialect
	Database version: 18.4
	Default catalog/schema: neondb/public
	Autocommit mode: undefined/unknown
	Isolation level: READ_COMMITTED [default READ_COMMITTED]
	JDBC fetch size: none
	Pool: DataSourceConnectionProvider
	Minimum pool size: undefined/unknown
	Maximum pool size: undefined/unknown
2026-07-27 15:41:16.361  INFO --- [restartedMain] org.hibernate.orm.core                   :
        HHH000489: No JTA platform available (set 'hibernate.transaction.jta.platform' to enable JTA platform integration)
2026-07-27 15:41:16.362  INFO --- [restartedMain] j.LocalContainerEntityManagerFactoryBean :
        Initialized JPA EntityManagerFactory for persistence unit 'default'
2026-07-27 15:41:16.417  INFO --- [restartedMain] eAuthenticationProviderManagerConfigurer :
        Global AuthenticationManager configured with AuthenticationProvider bean with name authenticationProvider
2026-07-27 15:41:16.418  WARN --- [restartedMain] r$InitializeUserDetailsManagerConfigurer :
        Global AuthenticationManager configured with an AuthenticationProvider bean. UserDetailsService beans will not be used by Spring Security for automatically configuring username/password login. Consider removing the AuthenticationProvider bean. Alternatively, consider using the UserDetailsService in a manually instantiated DaoAuthenticationProvider. If the current configuration is intentional, to turn off this warning, increase the logging level of 'org.springframework.security.config.annotation.authentication.configuration.InitializeUserDetailsBeanManagerConfigurer' to ERROR
2026-07-27 15:41:16.520 DEBUG --- [restartedMain] o.s.s.web.DefaultSecurityFilterChain     :
        Will secure any request with filters: DisableEncodeUrlFilter, WebAsyncManagerIntegrationFilter, SecurityContextHolderFilter, HeaderWriterFilter, LogoutFilter, JwtAuthFilter, RequestCacheAwareFilter, SecurityContextHolderAwareRequestFilter, AnonymousAuthenticationFilter, SessionManagementFilter, ExceptionTranslationFilter, AuthorizationFilter
2026-07-27 15:41:16.631  INFO --- [restartedMain] o.s.b.a.e.web.EndpointLinksResolver      :
        Exposing 1 endpoint beneath base path '/actuator'
2026-07-27 15:41:16.644  INFO --- [restartedMain] o.s.boot.tomcat.TomcatWebServer          :
        Tomcat started on port 8080 (http) with context path '/api/v1'
2026-07-27 15:41:16.647  INFO --- [restartedMain] c.a.r.p.PortfolioApiApplication          :
        Started PortfolioApiApplication in 4.335 seconds (process running for 209.252)
2026-07-27 15:41:16.648  INFO --- [restartedMain] c.a.r.p.seeder.DatabaseSeeder            :
        Mengeksekusi isolasi seeder untuk environment development...
2026-07-27 15:41:16.826  INFO --- [restartedMain] c.a.r.p.seeder.ProjectSeeder             :
        Projects table has already have a data. Skipping seeding for project entity.
2026-07-27 15:41:16.942  INFO --- [restartedMain] c.a.r.p.seeder.ExperienceSeeder          :
        Experiences table has already have a data. Skipping seeding for experience entity.
2026-07-27 15:41:17.040  INFO --- [restartedMain] c.a.r.portfolio_api.seeder.BlogSeeder    :
        Blogs table has already have a data. Skipping seeding for blog entity.
2026-07-27 15:41:17.144  INFO --- [restartedMain] c.a.rizz.portfolio_api.seeder.UseSeeder  :
        Uses table has already have a data. Skipping seeding for use entity.
2026-07-27 15:41:17.144  INFO --- [restartedMain] c.a.r.p.seeder.DatabaseSeeder            :
        Seluruh mock data berhasil diinjeksi.
2026-07-27 15:41:17.145  INFO --- [restartedMain] .ConditionEvaluationDeltaLoggingListener :
        Condition evaluation unchanged
2026-07-27 15:41:18.045  INFO --- [File Watcher] rtingClassPathChangeChangedEventListener :
        Restarting due to 2 class path changes (0 additions, 0 deletions, 2 modifications)
2026-07-27 15:41:18.047  INFO --- [Thread-9] o.s.boot.tomcat.GracefulShutdown         :
        Commencing graceful shutdown. Waiting for active requests to complete
2026-07-27 15:41:18.052  INFO --- [tomcat-shutdown] o.s.boot.tomcat.GracefulShutdown         :
        Graceful shutdown complete
2026-07-27 15:41:18.064  INFO --- [Thread-9] j.LocalContainerEntityManagerFactoryBean :
        Closing JPA EntityManagerFactory for persistence unit 'default'
2026-07-27 15:41:18.074  INFO --- [Thread-9] com.zaxxer.hikari.HikariDataSource       :
        HikariPool-3 - Shutdown initiated...
2026-07-27 15:41:18.579  INFO --- [Thread-9] com.zaxxer.hikari.HikariDataSource       :
        HikariPool-3 - Shutdown completed.
2026-07-27 15:41:18.650  INFO --- [restartedMain] c.a.r.p.PortfolioApiApplication          :
        Starting PortfolioApiApplication using Java 25.0.3 with PID 23752 (D:\kodingan\personal\portfolio-api\target\classes started by fujiy in D:\kodingan\personal\portfolio-api)
2026-07-27 15:41:18.650  INFO --- [restartedMain] c.a.r.p.PortfolioApiApplication          :
        The following 1 profile is active: "dev"
2026-07-27 15:41:18.808  INFO --- [restartedMain] .s.d.r.c.RepositoryConfigurationDelegate :
        Multiple Spring Data modules found, entering strict repository configuration mode
2026-07-27 15:41:18.808  INFO --- [restartedMain] .s.d.r.c.RepositoryConfigurationDelegate :
        Bootstrapping Spring Data JPA repositories in DEFAULT mode.
2026-07-27 15:41:18.825  INFO --- [restartedMain] .s.d.r.c.RepositoryConfigurationDelegate :
        Finished Spring Data repository scanning in 15 ms. Found 6 JPA repository interfaces.
2026-07-27 15:41:18.830  INFO --- [restartedMain] .s.d.r.c.RepositoryConfigurationDelegate :
        Multiple Spring Data modules found, entering strict repository configuration mode
2026-07-27 15:41:18.830  INFO --- [restartedMain] .s.d.r.c.RepositoryConfigurationDelegate :
        Bootstrapping Spring Data Redis repositories in DEFAULT mode.
2026-07-27 15:41:18.836  INFO --- [restartedMain] .RepositoryConfigurationExtensionSupport :
        Spring Data Redis - Could not safely identify store assignment for repository candidate interface com.api.rizz.portfolio_api.repository.BlogAttachmentRepository; If you want this repository to be a Redis repository, consider annotating your entities with one of these annotations: org.springframework.data.redis.core.RedisHash (preferred), or consider extending one of the following types with your repository: org.springframework.data.keyvalue.repository.KeyValueRepository
2026-07-27 15:41:18.837  INFO --- [restartedMain] .RepositoryConfigurationExtensionSupport :
        Spring Data Redis - Could not safely identify store assignment for repository candidate interface com.api.rizz.portfolio_api.repository.BlogRepository; If you want this repository to be a Redis repository, consider annotating your entities with one of these annotations: org.springframework.data.redis.core.RedisHash (preferred), or consider extending one of the following types with your repository: org.springframework.data.keyvalue.repository.KeyValueRepository
2026-07-27 15:41:18.837  INFO --- [restartedMain] .RepositoryConfigurationExtensionSupport :
        Spring Data Redis - Could not safely identify store assignment for repository candidate interface com.api.rizz.portfolio_api.repository.ExperienceRepository; If you want this repository to be a Redis repository, consider annotating your entities with one of these annotations: org.springframework.data.redis.core.RedisHash (preferred), or consider extending one of the following types with your repository: org.springframework.data.keyvalue.repository.KeyValueRepository
2026-07-27 15:41:18.837  INFO --- [restartedMain] .RepositoryConfigurationExtensionSupport :
        Spring Data Redis - Could not safely identify store assignment for repository candidate interface com.api.rizz.portfolio_api.repository.ProjectRepository; If you want this repository to be a Redis repository, consider annotating your entities with one of these annotations: org.springframework.data.redis.core.RedisHash (preferred), or consider extending one of the following types with your repository: org.springframework.data.keyvalue.repository.KeyValueRepository
2026-07-27 15:41:18.837  INFO --- [restartedMain] .RepositoryConfigurationExtensionSupport :
        Spring Data Redis - Could not safely identify store assignment for repository candidate interface com.api.rizz.portfolio_api.repository.UseRepository; If you want this repository to be a Redis repository, consider annotating your entities with one of these annotations: org.springframework.data.redis.core.RedisHash (preferred), or consider extending one of the following types with your repository: org.springframework.data.keyvalue.repository.KeyValueRepository
2026-07-27 15:41:18.838  INFO --- [restartedMain] .RepositoryConfigurationExtensionSupport :
        Spring Data Redis - Could not safely identify store assignment for repository candidate interface com.api.rizz.portfolio_api.repository.UserRepository; If you want this repository to be a Redis repository, consider annotating your entities with one of these annotations: org.springframework.data.redis.core.RedisHash (preferred), or consider extending one of the following types with your repository: org.springframework.data.keyvalue.repository.KeyValueRepository
2026-07-27 15:41:18.839  INFO --- [restartedMain] .s.d.r.c.RepositoryConfigurationDelegate :
        Finished Spring Data repository scanning in 7 ms. Found 0 Redis repository interfaces.
2026-07-27 15:41:18.906  INFO --- [restartedMain] o.s.boot.tomcat.TomcatWebServer          :
        Tomcat initialized with port 8080 (http)
2026-07-27 15:41:18.907  INFO --- [restartedMain] o.apache.catalina.core.StandardService   :
        Starting service [Tomcat]
2026-07-27 15:41:18.907  INFO --- [restartedMain] o.apache.catalina.core.StandardEngine    :
        Starting Servlet engine: [Apache Tomcat/11.0.22]
2026-07-27 15:41:18.925  INFO --- [restartedMain] b.w.c.s.WebApplicationContextInitializer :
        Root WebApplicationContext: initialization completed in 273 ms
2026-07-27 15:41:18.959  INFO --- [restartedMain] com.zaxxer.hikari.HikariDataSource       :
        HikariPool-4 - Starting...
2026-07-27 15:41:19.678  INFO --- [restartedMain] com.zaxxer.hikari.pool.HikariPool        :
        HikariPool-4 - Added connection org.postgresql.jdbc.PgConnection@1efba005
2026-07-27 15:41:19.678  INFO --- [restartedMain] com.zaxxer.hikari.HikariDataSource       :
        HikariPool-4 - Start completed.
2026-07-27 15:41:19.713  INFO --- [restartedMain] org.flywaydb.core.FlywayExecutor         :
        Database: jdbc:postgresql://ep-divine-meadow-ao56u82a-pooler.c-2.ap-southeast-1.aws.neon.tech/neondb?user=neondb_owner&password=********&sslmode=require&channelBinding=require (PostgreSQL 18.4)
2026-07-27 15:41:21.073  INFO --- [restartedMain] o.f.core.internal.command.DbValidate     :
        Successfully validated 6 migrations (execution time 00:00.319s)
2026-07-27 15:41:21.761  INFO --- [restartedMain] o.f.core.internal.command.DbMigrate      :
        Current version of schema "public": 6
2026-07-27 15:41:21.812  INFO --- [restartedMain] o.f.core.internal.command.DbMigrate      :
        Schema "public" is up to date. No migration necessary.
2026-07-27 15:41:22.181  INFO --- [restartedMain] org.hibernate.orm.jpa                    :
        HHH008540: Processing PersistenceUnitInfo [name: default]
2026-07-27 15:41:22.203  INFO --- [restartedMain] o.s.o.j.p.SpringPersistenceUnitInfo      :
        No LoadTimeWeaver setup: ignoring JPA class transformer
2026-07-27 15:41:22.492  INFO --- [restartedMain] org.hibernate.orm.connections.pooling    :
        HHH10001005: Database info:
	Database JDBC URL [jdbc:postgresql://ep-divine-meadow-ao56u82a-pooler.c-2.ap-southeast-1.aws.neon.tech/neondb?user=neondb_owner&password=npg_JNezHr24wRvm&sslmode=require&channelBinding=require]
	Database driver: PostgreSQL JDBC Driver
	Database dialect: PostgreSQLDialect
	Database version: 18.4
	Default catalog/schema: neondb/public
	Autocommit mode: undefined/unknown
	Isolation level: READ_COMMITTED [default READ_COMMITTED]
	JDBC fetch size: none
	Pool: DataSourceConnectionProvider
	Minimum pool size: undefined/unknown
	Maximum pool size: undefined/unknown
2026-07-27 15:41:22.603  INFO --- [restartedMain] org.hibernate.orm.core                   :
        HHH000489: No JTA platform available (set 'hibernate.transaction.jta.platform' to enable JTA platform integration)
2026-07-27 15:41:22.604  INFO --- [restartedMain] j.LocalContainerEntityManagerFactoryBean :
        Initialized JPA EntityManagerFactory for persistence unit 'default'
2026-07-27 15:41:22.656  INFO --- [restartedMain] eAuthenticationProviderManagerConfigurer :
        Global AuthenticationManager configured with AuthenticationProvider bean with name authenticationProvider
2026-07-27 15:41:22.657  WARN --- [restartedMain] r$InitializeUserDetailsManagerConfigurer :
        Global AuthenticationManager configured with an AuthenticationProvider bean. UserDetailsService beans will not be used by Spring Security for automatically configuring username/password login. Consider removing the AuthenticationProvider bean. Alternatively, consider using the UserDetailsService in a manually instantiated DaoAuthenticationProvider. If the current configuration is intentional, to turn off this warning, increase the logging level of 'org.springframework.security.config.annotation.authentication.configuration.InitializeUserDetailsBeanManagerConfigurer' to ERROR
2026-07-27 15:41:22.771 DEBUG --- [restartedMain] o.s.s.web.DefaultSecurityFilterChain     :
        Will secure any request with filters: DisableEncodeUrlFilter, WebAsyncManagerIntegrationFilter, SecurityContextHolderFilter, HeaderWriterFilter, LogoutFilter, JwtAuthFilter, RequestCacheAwareFilter, SecurityContextHolderAwareRequestFilter, AnonymousAuthenticationFilter, SessionManagementFilter, ExceptionTranslationFilter, AuthorizationFilter
2026-07-27 15:41:22.875  INFO --- [restartedMain] o.s.b.a.e.web.EndpointLinksResolver      :
        Exposing 1 endpoint beneath base path '/actuator'
2026-07-27 15:41:22.887  INFO --- [restartedMain] o.s.boot.tomcat.TomcatWebServer          :
        Tomcat started on port 8080 (http) with context path '/api/v1'
2026-07-27 15:41:22.890  INFO --- [restartedMain] c.a.r.p.PortfolioApiApplication          :
        Started PortfolioApiApplication in 4.258 seconds (process running for 215.494)
2026-07-27 15:41:22.890  INFO --- [restartedMain] c.a.r.p.seeder.DatabaseSeeder            :
        Mengeksekusi isolasi seeder untuk environment development...
2026-07-27 15:41:22.970  INFO --- [restartedMain] c.a.r.p.seeder.ProjectSeeder             :
        Projects table has already have a data. Skipping seeding for project entity.
2026-07-27 15:41:23.069  INFO --- [restartedMain] c.a.r.p.seeder.ExperienceSeeder          :
        Experiences table has already have a data. Skipping seeding for experience entity.
2026-07-27 15:41:23.181  INFO --- [restartedMain] c.a.r.portfolio_api.seeder.BlogSeeder    :
        Blogs table has already have a data. Skipping seeding for blog entity.
2026-07-27 15:41:23.282  INFO --- [restartedMain] c.a.rizz.portfolio_api.seeder.UseSeeder  :
        Uses table has already have a data. Skipping seeding for use entity.
2026-07-27 15:41:23.282  INFO --- [restartedMain] c.a.r.p.seeder.DatabaseSeeder            :
        Seluruh mock data berhasil diinjeksi.
2026-07-27 15:41:23.283  INFO --- [restartedMain] .ConditionEvaluationDeltaLoggingListener :
        Condition evaluation unchanged
2026-07-27 15:41:24.309  INFO --- [File Watcher] rtingClassPathChangeChangedEventListener :
        Restarting due to 2 class path changes (0 additions, 0 deletions, 2 modifications)
2026-07-27 15:41:24.311  INFO --- [Thread-13] o.s.boot.tomcat.GracefulShutdown         :
        Commencing graceful shutdown. Waiting for active requests to complete
2026-07-27 15:41:24.315  INFO --- [tomcat-shutdown] o.s.boot.tomcat.GracefulShutdown         :
        Graceful shutdown complete
2026-07-27 15:41:24.322  INFO --- [Thread-13] j.LocalContainerEntityManagerFactoryBean :
        Closing JPA EntityManagerFactory for persistence unit 'default'
2026-07-27 15:41:24.323  INFO --- [Thread-13] com.zaxxer.hikari.HikariDataSource       :
        HikariPool-4 - Shutdown initiated...
2026-07-27 15:41:25.357  INFO --- [Thread-13] com.zaxxer.hikari.HikariDataSource       :
        HikariPool-4 - Shutdown completed.
2026-07-27 15:41:25.422  INFO --- [restartedMain] c.a.r.p.PortfolioApiApplication          :
        Starting PortfolioApiApplication using Java 25.0.3 with PID 23752 (D:\kodingan\personal\portfolio-api\target\classes started by fujiy in D:\kodingan\personal\portfolio-api)
2026-07-27 15:41:25.423  INFO --- [restartedMain] c.a.r.p.PortfolioApiApplication          :
        The following 1 profile is active: "dev"
2026-07-27 15:41:25.624  INFO --- [restartedMain] .s.d.r.c.RepositoryConfigurationDelegate :
        Multiple Spring Data modules found, entering strict repository configuration mode
2026-07-27 15:41:25.625  INFO --- [restartedMain] .s.d.r.c.RepositoryConfigurationDelegate :
        Bootstrapping Spring Data JPA repositories in DEFAULT mode.
2026-07-27 15:41:25.636  INFO --- [restartedMain] .s.d.r.c.RepositoryConfigurationDelegate :
        Finished Spring Data repository scanning in 10 ms. Found 6 JPA repository interfaces.
2026-07-27 15:41:25.640  INFO --- [restartedMain] .s.d.r.c.RepositoryConfigurationDelegate :
        Multiple Spring Data modules found, entering strict repository configuration mode
2026-07-27 15:41:25.640  INFO --- [restartedMain] .s.d.r.c.RepositoryConfigurationDelegate :
        Bootstrapping Spring Data Redis repositories in DEFAULT mode.
2026-07-27 15:41:25.642  INFO --- [restartedMain] .RepositoryConfigurationExtensionSupport :
        Spring Data Redis - Could not safely identify store assignment for repository candidate interface com.api.rizz.portfolio_api.repository.BlogAttachmentRepository; If you want this repository to be a Redis repository, consider annotating your entities with one of these annotations: org.springframework.data.redis.core.RedisHash (preferred), or consider extending one of the following types with your repository: org.springframework.data.keyvalue.repository.KeyValueRepository
2026-07-27 15:41:25.642  INFO --- [restartedMain] .RepositoryConfigurationExtensionSupport :
        Spring Data Redis - Could not safely identify store assignment for repository candidate interface com.api.rizz.portfolio_api.repository.BlogRepository; If you want this repository to be a Redis repository, consider annotating your entities with one of these annotations: org.springframework.data.redis.core.RedisHash (preferred), or consider extending one of the following types with your repository: org.springframework.data.keyvalue.repository.KeyValueRepository
2026-07-27 15:41:25.643  INFO --- [restartedMain] .RepositoryConfigurationExtensionSupport :
        Spring Data Redis - Could not safely identify store assignment for repository candidate interface com.api.rizz.portfolio_api.repository.ExperienceRepository; If you want this repository to be a Redis repository, consider annotating your entities with one of these annotations: org.springframework.data.redis.core.RedisHash (preferred), or consider extending one of the following types with your repository: org.springframework.data.keyvalue.repository.KeyValueRepository
2026-07-27 15:41:25.643  INFO --- [restartedMain] .RepositoryConfigurationExtensionSupport :
        Spring Data Redis - Could not safely identify store assignment for repository candidate interface com.api.rizz.portfolio_api.repository.ProjectRepository; If you want this repository to be a Redis repository, consider annotating your entities with one of these annotations: org.springframework.data.redis.core.RedisHash (preferred), or consider extending one of the following types with your repository: org.springframework.data.keyvalue.repository.KeyValueRepository
2026-07-27 15:41:25.643  INFO --- [restartedMain] .RepositoryConfigurationExtensionSupport :
        Spring Data Redis - Could not safely identify store assignment for repository candidate interface com.api.rizz.portfolio_api.repository.UseRepository; If you want this repository to be a Redis repository, consider annotating your entities with one of these annotations: org.springframework.data.redis.core.RedisHash (preferred), or consider extending one of the following types with your repository: org.springframework.data.keyvalue.repository.KeyValueRepository
2026-07-27 15:41:25.643  INFO --- [restartedMain] .RepositoryConfigurationExtensionSupport :
        Spring Data Redis - Could not safely identify store assignment for repository candidate interface com.api.rizz.portfolio_api.repository.UserRepository; If you want this repository to be a Redis repository, consider annotating your entities with one of these annotations: org.springframework.data.redis.core.RedisHash (preferred), or consider extending one of the following types with your repository: org.springframework.data.keyvalue.repository.KeyValueRepository
2026-07-27 15:41:25.643  INFO --- [restartedMain] .s.d.r.c.RepositoryConfigurationDelegate :
        Finished Spring Data repository scanning in 2 ms. Found 0 Redis repository interfaces.
2026-07-27 15:41:25.707  INFO --- [restartedMain] o.s.boot.tomcat.TomcatWebServer          :
        Tomcat initialized with port 8080 (http)
2026-07-27 15:41:25.708  INFO --- [restartedMain] o.apache.catalina.core.StandardService   :
        Starting service [Tomcat]
2026-07-27 15:41:25.708  INFO --- [restartedMain] o.apache.catalina.core.StandardEngine    :
        Starting Servlet engine: [Apache Tomcat/11.0.22]
2026-07-27 15:41:25.728  INFO --- [restartedMain] b.w.c.s.WebApplicationContextInitializer :
        Root WebApplicationContext: initialization completed in 304 ms
2026-07-27 15:41:25.776  INFO --- [restartedMain] com.zaxxer.hikari.HikariDataSource       :
        HikariPool-5 - Starting...
2026-07-27 15:41:26.488  INFO --- [restartedMain] com.zaxxer.hikari.pool.HikariPool        :
        HikariPool-5 - Added connection org.postgresql.jdbc.PgConnection@619f93c9
2026-07-27 15:41:26.488  INFO --- [restartedMain] com.zaxxer.hikari.HikariDataSource       :
        HikariPool-5 - Start completed.
2026-07-27 15:41:26.530  INFO --- [restartedMain] org.flywaydb.core.FlywayExecutor         :
        Database: jdbc:postgresql://ep-divine-meadow-ao56u82a-pooler.c-2.ap-southeast-1.aws.neon.tech/neondb?user=neondb_owner&password=********&sslmode=require&channelBinding=require (PostgreSQL 18.4)
2026-07-27 15:41:27.313  INFO --- [restartedMain] o.f.core.internal.command.DbValidate     :
        Successfully validated 6 migrations (execution time 00:00.270s)
2026-07-27 15:41:28.067  INFO --- [restartedMain] o.f.core.internal.command.DbMigrate      :
        Current version of schema "public": 6
2026-07-27 15:41:28.144  INFO --- [restartedMain] o.f.core.internal.command.DbMigrate      :
        Schema "public" is up to date. No migration necessary.
2026-07-27 15:41:28.688  INFO --- [restartedMain] org.hibernate.orm.jpa                    :
        HHH008540: Processing PersistenceUnitInfo [name: default]
2026-07-27 15:41:28.699  INFO --- [restartedMain] o.s.o.j.p.SpringPersistenceUnitInfo      :
        No LoadTimeWeaver setup: ignoring JPA class transformer
2026-07-27 15:41:29.061  INFO --- [restartedMain] org.hibernate.orm.connections.pooling    :
        HHH10001005: Database info:
	Database JDBC URL [jdbc:postgresql://ep-divine-meadow-ao56u82a-pooler.c-2.ap-southeast-1.aws.neon.tech/neondb?user=neondb_owner&password=npg_JNezHr24wRvm&sslmode=require&channelBinding=require]
	Database driver: PostgreSQL JDBC Driver
	Database dialect: PostgreSQLDialect
	Database version: 18.4
	Default catalog/schema: neondb/public
	Autocommit mode: undefined/unknown
	Isolation level: READ_COMMITTED [default READ_COMMITTED]
	JDBC fetch size: none
	Pool: DataSourceConnectionProvider
	Minimum pool size: undefined/unknown
	Maximum pool size: undefined/unknown
2026-07-27 15:41:29.125  INFO --- [restartedMain] org.hibernate.orm.core                   :
        HHH000489: No JTA platform available (set 'hibernate.transaction.jta.platform' to enable JTA platform integration)
2026-07-27 15:41:29.126  INFO --- [restartedMain] j.LocalContainerEntityManagerFactoryBean :
        Initialized JPA EntityManagerFactory for persistence unit 'default'
2026-07-27 15:41:29.161  INFO --- [restartedMain] eAuthenticationProviderManagerConfigurer :
        Global AuthenticationManager configured with AuthenticationProvider bean with name authenticationProvider
2026-07-27 15:41:29.161  WARN --- [restartedMain] r$InitializeUserDetailsManagerConfigurer :
        Global AuthenticationManager configured with an AuthenticationProvider bean. UserDetailsService beans will not be used by Spring Security for automatically configuring username/password login. Consider removing the AuthenticationProvider bean. Alternatively, consider using the UserDetailsService in a manually instantiated DaoAuthenticationProvider. If the current configuration is intentional, to turn off this warning, increase the logging level of 'org.springframework.security.config.annotation.authentication.configuration.InitializeUserDetailsBeanManagerConfigurer' to ERROR
2026-07-27 15:41:29.243 DEBUG --- [restartedMain] o.s.s.web.DefaultSecurityFilterChain     :
        Will secure any request with filters: DisableEncodeUrlFilter, WebAsyncManagerIntegrationFilter, SecurityContextHolderFilter, HeaderWriterFilter, LogoutFilter, JwtAuthFilter, RequestCacheAwareFilter, SecurityContextHolderAwareRequestFilter, AnonymousAuthenticationFilter, SessionManagementFilter, ExceptionTranslationFilter, AuthorizationFilter
2026-07-27 15:41:29.344  INFO --- [restartedMain] o.s.b.a.e.web.EndpointLinksResolver      :
        Exposing 1 endpoint beneath base path '/actuator'
2026-07-27 15:41:29.358  INFO --- [restartedMain] o.s.boot.tomcat.TomcatWebServer          :
        Tomcat started on port 8080 (http) with context path '/api/v1'
2026-07-27 15:41:29.361  INFO --- [restartedMain] c.a.r.p.PortfolioApiApplication          :
        Started PortfolioApiApplication in 3.955 seconds (process running for 221.965)
2026-07-27 15:41:29.361  INFO --- [restartedMain] c.a.r.p.seeder.DatabaseSeeder            :
        Mengeksekusi isolasi seeder untuk environment development...
2026-07-27 15:41:29.504  INFO --- [restartedMain] c.a.r.p.seeder.ProjectSeeder             :
        Projects table has already have a data. Skipping seeding for project entity.
2026-07-27 15:41:29.674  INFO --- [restartedMain] c.a.r.p.seeder.ExperienceSeeder          :
        Experiences table has already have a data. Skipping seeding for experience entity.
2026-07-27 15:41:29.777  INFO --- [restartedMain] c.a.r.portfolio_api.seeder.BlogSeeder    :
        Blogs table has already have a data. Skipping seeding for blog entity.
2026-07-27 15:41:29.884  INFO --- [restartedMain] c.a.rizz.portfolio_api.seeder.UseSeeder  :
        Uses table has already have a data. Skipping seeding for use entity.
2026-07-27 15:41:29.884  INFO --- [restartedMain] c.a.r.p.seeder.DatabaseSeeder            :
        Seluruh mock data berhasil diinjeksi.
2026-07-27 15:41:29.885  INFO --- [restartedMain] .ConditionEvaluationDeltaLoggingListener :
        Condition evaluation unchanged
2026-07-27 15:41:30.733  INFO --- [File Watcher] rtingClassPathChangeChangedEventListener :
        Restarting due to 2 class path changes (0 additions, 0 deletions, 2 modifications)
2026-07-27 15:41:30.734  INFO --- [Thread-17] o.s.boot.tomcat.GracefulShutdown         :
        Commencing graceful shutdown. Waiting for active requests to complete
2026-07-27 15:41:30.736  INFO --- [tomcat-shutdown] o.s.boot.tomcat.GracefulShutdown         :
        Graceful shutdown complete
2026-07-27 15:41:30.739  INFO --- [Thread-17] j.LocalContainerEntityManagerFactoryBean :
        Closing JPA EntityManagerFactory for persistence unit 'default'
2026-07-27 15:41:30.740  INFO --- [Thread-17] com.zaxxer.hikari.HikariDataSource       :
        HikariPool-5 - Shutdown initiated...
2026-07-27 15:41:31.729  INFO --- [Thread-17] com.zaxxer.hikari.HikariDataSource       :
        HikariPool-5 - Shutdown completed.
2026-07-27 15:41:31.786  INFO --- [restartedMain] c.a.r.p.PortfolioApiApplication          :
        Starting PortfolioApiApplication using Java 25.0.3 with PID 23752 (D:\kodingan\personal\portfolio-api\target\classes started by fujiy in D:\kodingan\personal\portfolio-api)
2026-07-27 15:41:31.787  INFO --- [restartedMain] c.a.r.p.PortfolioApiApplication          :
        The following 1 profile is active: "dev"
2026-07-27 15:41:31.901  INFO --- [restartedMain] .s.d.r.c.RepositoryConfigurationDelegate :
        Multiple Spring Data modules found, entering strict repository configuration mode
2026-07-27 15:41:31.901  INFO --- [restartedMain] .s.d.r.c.RepositoryConfigurationDelegate :
        Bootstrapping Spring Data JPA repositories in DEFAULT mode.
2026-07-27 15:41:31.912  INFO --- [restartedMain] .s.d.r.c.RepositoryConfigurationDelegate :
        Finished Spring Data repository scanning in 10 ms. Found 6 JPA repository interfaces.
2026-07-27 15:41:31.916  INFO --- [restartedMain] .s.d.r.c.RepositoryConfigurationDelegate :
        Multiple Spring Data modules found, entering strict repository configuration mode
2026-07-27 15:41:31.916  INFO --- [restartedMain] .s.d.r.c.RepositoryConfigurationDelegate :
        Bootstrapping Spring Data Redis repositories in DEFAULT mode.
2026-07-27 15:41:31.918  INFO --- [restartedMain] .RepositoryConfigurationExtensionSupport :
        Spring Data Redis - Could not safely identify store assignment for repository candidate interface com.api.rizz.portfolio_api.repository.BlogAttachmentRepository; If you want this repository to be a Redis repository, consider annotating your entities with one of these annotations: org.springframework.data.redis.core.RedisHash (preferred), or consider extending one of the following types with your repository: org.springframework.data.keyvalue.repository.KeyValueRepository
2026-07-27 15:41:31.919  INFO --- [restartedMain] .RepositoryConfigurationExtensionSupport :
        Spring Data Redis - Could not safely identify store assignment for repository candidate interface com.api.rizz.portfolio_api.repository.BlogRepository; If you want this repository to be a Redis repository, consider annotating your entities with one of these annotations: org.springframework.data.redis.core.RedisHash (preferred), or consider extending one of the following types with your repository: org.springframework.data.keyvalue.repository.KeyValueRepository
2026-07-27 15:41:31.919  INFO --- [restartedMain] .RepositoryConfigurationExtensionSupport :
        Spring Data Redis - Could not safely identify store assignment for repository candidate interface com.api.rizz.portfolio_api.repository.ExperienceRepository; If you want this repository to be a Redis repository, consider annotating your entities with one of these annotations: org.springframework.data.redis.core.RedisHash (preferred), or consider extending one of the following types with your repository: org.springframework.data.keyvalue.repository.KeyValueRepository
2026-07-27 15:41:31.919  INFO --- [restartedMain] .RepositoryConfigurationExtensionSupport :
        Spring Data Redis - Could not safely identify store assignment for repository candidate interface com.api.rizz.portfolio_api.repository.ProjectRepository; If you want this repository to be a Redis repository, consider annotating your entities with one of these annotations: org.springframework.data.redis.core.RedisHash (preferred), or consider extending one of the following types with your repository: org.springframework.data.keyvalue.repository.KeyValueRepository
2026-07-27 15:41:31.919  INFO --- [restartedMain] .RepositoryConfigurationExtensionSupport :
        Spring Data Redis - Could not safely identify store assignment for repository candidate interface com.api.rizz.portfolio_api.repository.UseRepository; If you want this repository to be a Redis repository, consider annotating your entities with one of these annotations: org.springframework.data.redis.core.RedisHash (preferred), or consider extending one of the following types with your repository: org.springframework.data.keyvalue.repository.KeyValueRepository
2026-07-27 15:41:31.919  INFO --- [restartedMain] .RepositoryConfigurationExtensionSupport :
        Spring Data Redis - Could not safely identify store assignment for repository candidate interface com.api.rizz.portfolio_api.repository.UserRepository; If you want this repository to be a Redis repository, consider annotating your entities with one of these annotations: org.springframework.data.redis.core.RedisHash (preferred), or consider extending one of the following types with your repository: org.springframework.data.keyvalue.repository.KeyValueRepository
2026-07-27 15:41:31.919  INFO --- [restartedMain] .s.d.r.c.RepositoryConfigurationDelegate :
        Finished Spring Data repository scanning in 2 ms. Found 0 Redis repository interfaces.
2026-07-27 15:41:31.999  INFO --- [restartedMain] o.s.boot.tomcat.TomcatWebServer          :
        Tomcat initialized with port 8080 (http)
2026-07-27 15:41:32.000  INFO --- [restartedMain] o.apache.catalina.core.StandardService   :
        Starting service [Tomcat]
2026-07-27 15:41:32.000  INFO --- [restartedMain] o.apache.catalina.core.StandardEngine    :
        Starting Servlet engine: [Apache Tomcat/11.0.22]
2026-07-27 15:41:32.015  INFO --- [restartedMain] b.w.c.s.WebApplicationContextInitializer :
        Root WebApplicationContext: initialization completed in 228 ms
2026-07-27 15:41:32.043  INFO --- [restartedMain] com.zaxxer.hikari.HikariDataSource       :
        HikariPool-6 - Starting...
2026-07-27 15:41:32.860  INFO --- [restartedMain] com.zaxxer.hikari.pool.HikariPool        :
        HikariPool-6 - Added connection org.postgresql.jdbc.PgConnection@6ec9f798
2026-07-27 15:41:32.860  INFO --- [restartedMain] com.zaxxer.hikari.HikariDataSource       :
        HikariPool-6 - Start completed.
2026-07-27 15:41:32.899  INFO --- [restartedMain] org.flywaydb.core.FlywayExecutor         :
        Database: jdbc:postgresql://ep-divine-meadow-ao56u82a-pooler.c-2.ap-southeast-1.aws.neon.tech/neondb?user=neondb_owner&password=********&sslmode=require&channelBinding=require (PostgreSQL 18.4)
2026-07-27 15:41:33.888  INFO --- [restartedMain] o.f.core.internal.command.DbValidate     :
        Successfully validated 6 migrations (execution time 00:00.411s)
2026-07-27 15:41:34.652  INFO --- [restartedMain] o.f.core.internal.command.DbMigrate      :
        Current version of schema "public": 6
2026-07-27 15:41:34.710  INFO --- [restartedMain] o.f.core.internal.command.DbMigrate      :
        Schema "public" is up to date. No migration necessary.
2026-07-27 15:41:35.074  INFO --- [restartedMain] org.hibernate.orm.jpa                    :
        HHH008540: Processing PersistenceUnitInfo [name: default]
2026-07-27 15:41:35.086  INFO --- [restartedMain] o.s.o.j.p.SpringPersistenceUnitInfo      :
        No LoadTimeWeaver setup: ignoring JPA class transformer
2026-07-27 15:41:35.432  INFO --- [restartedMain] org.hibernate.orm.connections.pooling    :
        HHH10001005: Database info:
	Database JDBC URL [jdbc:postgresql://ep-divine-meadow-ao56u82a-pooler.c-2.ap-southeast-1.aws.neon.tech/neondb?user=neondb_owner&password=npg_JNezHr24wRvm&sslmode=require&channelBinding=require]
	Database driver: PostgreSQL JDBC Driver
	Database dialect: PostgreSQLDialect
	Database version: 18.4
	Default catalog/schema: neondb/public
	Autocommit mode: undefined/unknown
	Isolation level: READ_COMMITTED [default READ_COMMITTED]
	JDBC fetch size: none
	Pool: DataSourceConnectionProvider
	Minimum pool size: undefined/unknown
	Maximum pool size: undefined/unknown
2026-07-27 15:41:35.535  INFO --- [restartedMain] org.hibernate.orm.core                   :
        HHH000489: No JTA platform available (set 'hibernate.transaction.jta.platform' to enable JTA platform integration)
2026-07-27 15:41:35.536  INFO --- [restartedMain] j.LocalContainerEntityManagerFactoryBean :
        Initialized JPA EntityManagerFactory for persistence unit 'default'
2026-07-27 15:41:35.579  INFO --- [restartedMain] eAuthenticationProviderManagerConfigurer :
        Global AuthenticationManager configured with AuthenticationProvider bean with name authenticationProvider
2026-07-27 15:41:35.579  WARN --- [restartedMain] r$InitializeUserDetailsManagerConfigurer :
        Global AuthenticationManager configured with an AuthenticationProvider bean. UserDetailsService beans will not be used by Spring Security for automatically configuring username/password login. Consider removing the AuthenticationProvider bean. Alternatively, consider using the UserDetailsService in a manually instantiated DaoAuthenticationProvider. If the current configuration is intentional, to turn off this warning, increase the logging level of 'org.springframework.security.config.annotation.authentication.configuration.InitializeUserDetailsBeanManagerConfigurer' to ERROR
2026-07-27 15:41:35.679 DEBUG --- [restartedMain] o.s.s.web.DefaultSecurityFilterChain     :
        Will secure any request with filters: DisableEncodeUrlFilter, WebAsyncManagerIntegrationFilter, SecurityContextHolderFilter, HeaderWriterFilter, LogoutFilter, JwtAuthFilter, RequestCacheAwareFilter, SecurityContextHolderAwareRequestFilter, AnonymousAuthenticationFilter, SessionManagementFilter, ExceptionTranslationFilter, AuthorizationFilter
2026-07-27 15:41:35.790  INFO --- [restartedMain] o.s.b.a.e.web.EndpointLinksResolver      :
        Exposing 1 endpoint beneath base path '/actuator'
2026-07-27 15:41:35.806  INFO --- [restartedMain] o.s.boot.tomcat.TomcatWebServer          :
        Tomcat started on port 8080 (http) with context path '/api/v1'
2026-07-27 15:41:35.812  INFO --- [restartedMain] c.a.r.p.PortfolioApiApplication          :
        Started PortfolioApiApplication in 4.039 seconds (process running for 228.416)
2026-07-27 15:41:35.813  INFO --- [restartedMain] c.a.r.p.seeder.DatabaseSeeder            :
        Mengeksekusi isolasi seeder untuk environment development...
2026-07-27 15:41:35.979  INFO --- [restartedMain] c.a.r.p.seeder.ProjectSeeder             :
        Projects table has already have a data. Skipping seeding for project entity.
2026-07-27 15:41:36.053  INFO --- [restartedMain] c.a.r.p.seeder.ExperienceSeeder          :
        Experiences table has already have a data. Skipping seeding for experience entity.
2026-07-27 15:41:36.156  INFO --- [restartedMain] c.a.r.portfolio_api.seeder.BlogSeeder    :
        Blogs table has already have a data. Skipping seeding for blog entity.
2026-07-27 15:41:36.252  INFO --- [restartedMain] c.a.rizz.portfolio_api.seeder.UseSeeder  :
        Uses table has already have a data. Skipping seeding for use entity.
2026-07-27 15:41:36.252  INFO --- [restartedMain] c.a.r.p.seeder.DatabaseSeeder            :
        Seluruh mock data berhasil diinjeksi.
2026-07-27 15:41:36.253  INFO --- [restartedMain] .ConditionEvaluationDeltaLoggingListener :
        Condition evaluation unchanged
2026-07-27 15:41:37.225  INFO --- [File Watcher] rtingClassPathChangeChangedEventListener :
        Restarting due to 2 class path changes (0 additions, 0 deletions, 2 modifications)
2026-07-27 15:41:37.226  INFO --- [Thread-21] o.s.boot.tomcat.GracefulShutdown         :
        Commencing graceful shutdown. Waiting for active requests to complete
2026-07-27 15:41:37.230  INFO --- [tomcat-shutdown] o.s.boot.tomcat.GracefulShutdown         :
        Graceful shutdown complete
2026-07-27 15:41:37.236  INFO --- [Thread-21] j.LocalContainerEntityManagerFactoryBean :
        Closing JPA EntityManagerFactory for persistence unit 'default'
2026-07-27 15:41:37.237  INFO --- [Thread-21] com.zaxxer.hikari.HikariDataSource       :
        HikariPool-6 - Shutdown initiated...
2026-07-27 15:41:37.674  INFO --- [Thread-21] com.zaxxer.hikari.HikariDataSource       :
        HikariPool-6 - Shutdown completed.
2026-07-27 15:41:37.753  INFO --- [restartedMain] c.a.r.p.PortfolioApiApplication          :
        Starting PortfolioApiApplication using Java 25.0.3 with PID 23752 (D:\kodingan\personal\portfolio-api\target\classes started by fujiy in D:\kodingan\personal\portfolio-api)
2026-07-27 15:41:37.753  INFO --- [restartedMain] c.a.r.p.PortfolioApiApplication          :
        The following 1 profile is active: "dev"
2026-07-27 15:41:37.939  INFO --- [restartedMain] .s.d.r.c.RepositoryConfigurationDelegate :
        Multiple Spring Data modules found, entering strict repository configuration mode
2026-07-27 15:41:37.939  INFO --- [restartedMain] .s.d.r.c.RepositoryConfigurationDelegate :
        Bootstrapping Spring Data JPA repositories in DEFAULT mode.
2026-07-27 15:41:37.952  INFO --- [restartedMain] .s.d.r.c.RepositoryConfigurationDelegate :
        Finished Spring Data repository scanning in 12 ms. Found 6 JPA repository interfaces.
2026-07-27 15:41:37.956  INFO --- [restartedMain] .s.d.r.c.RepositoryConfigurationDelegate :
        Multiple Spring Data modules found, entering strict repository configuration mode
2026-07-27 15:41:37.956  INFO --- [restartedMain] .s.d.r.c.RepositoryConfigurationDelegate :
        Bootstrapping Spring Data Redis repositories in DEFAULT mode.
2026-07-27 15:41:37.959  INFO --- [restartedMain] .RepositoryConfigurationExtensionSupport :
        Spring Data Redis - Could not safely identify store assignment for repository candidate interface com.api.rizz.portfolio_api.repository.BlogAttachmentRepository; If you want this repository to be a Redis repository, consider annotating your entities with one of these annotations: org.springframework.data.redis.core.RedisHash (preferred), or consider extending one of the following types with your repository: org.springframework.data.keyvalue.repository.KeyValueRepository
2026-07-27 15:41:37.959  INFO --- [restartedMain] .RepositoryConfigurationExtensionSupport :
        Spring Data Redis - Could not safely identify store assignment for repository candidate interface com.api.rizz.portfolio_api.repository.BlogRepository; If you want this repository to be a Redis repository, consider annotating your entities with one of these annotations: org.springframework.data.redis.core.RedisHash (preferred), or consider extending one of the following types with your repository: org.springframework.data.keyvalue.repository.KeyValueRepository
2026-07-27 15:41:37.959  INFO --- [restartedMain] .RepositoryConfigurationExtensionSupport :
        Spring Data Redis - Could not safely identify store assignment for repository candidate interface com.api.rizz.portfolio_api.repository.ExperienceRepository; If you want this repository to be a Redis repository, consider annotating your entities with one of these annotations: org.springframework.data.redis.core.RedisHash (preferred), or consider extending one of the following types with your repository: org.springframework.data.keyvalue.repository.KeyValueRepository
2026-07-27 15:41:37.960  INFO --- [restartedMain] .RepositoryConfigurationExtensionSupport :
        Spring Data Redis - Could not safely identify store assignment for repository candidate interface com.api.rizz.portfolio_api.repository.ProjectRepository; If you want this repository to be a Redis repository, consider annotating your entities with one of these annotations: org.springframework.data.redis.core.RedisHash (preferred), or consider extending one of the following types with your repository: org.springframework.data.keyvalue.repository.KeyValueRepository
2026-07-27 15:41:37.960  INFO --- [restartedMain] .RepositoryConfigurationExtensionSupport :
        Spring Data Redis - Could not safely identify store assignment for repository candidate interface com.api.rizz.portfolio_api.repository.UseRepository; If you want this repository to be a Redis repository, consider annotating your entities with one of these annotations: org.springframework.data.redis.core.RedisHash (preferred), or consider extending one of the following types with your repository: org.springframework.data.keyvalue.repository.KeyValueRepository
2026-07-27 15:41:37.960  INFO --- [restartedMain] .RepositoryConfigurationExtensionSupport :
        Spring Data Redis - Could not safely identify store assignment for repository candidate interface com.api.rizz.portfolio_api.repository.UserRepository; If you want this repository to be a Redis repository, consider annotating your entities with one of these annotations: org.springframework.data.redis.core.RedisHash (preferred), or consider extending one of the following types with your repository: org.springframework.data.keyvalue.repository.KeyValueRepository
2026-07-27 15:41:37.960  INFO --- [restartedMain] .s.d.r.c.RepositoryConfigurationDelegate :
        Finished Spring Data repository scanning in 3 ms. Found 0 Redis repository interfaces.
2026-07-27 15:41:38.056  INFO --- [restartedMain] o.s.boot.tomcat.TomcatWebServer          :
        Tomcat initialized with port 8080 (http)
2026-07-27 15:41:38.057  INFO --- [restartedMain] o.apache.catalina.core.StandardService   :
        Starting service [Tomcat]
2026-07-27 15:41:38.058  INFO --- [restartedMain] o.apache.catalina.core.StandardEngine    :
        Starting Servlet engine: [Apache Tomcat/11.0.22]
2026-07-27 15:41:38.082  INFO --- [restartedMain] b.w.c.s.WebApplicationContextInitializer :
        Root WebApplicationContext: initialization completed in 327 ms
2026-07-27 15:41:38.117  INFO --- [restartedMain] com.zaxxer.hikari.HikariDataSource       :
        HikariPool-7 - Starting...
2026-07-27 15:41:39.027  INFO --- [restartedMain] com.zaxxer.hikari.pool.HikariPool        :
        HikariPool-7 - Added connection org.postgresql.jdbc.PgConnection@4916208a
2026-07-27 15:41:39.027  INFO --- [restartedMain] com.zaxxer.hikari.HikariDataSource       :
        HikariPool-7 - Start completed.
2026-07-27 15:41:39.154  INFO --- [restartedMain] org.flywaydb.core.FlywayExecutor         :
        Database: jdbc:postgresql://ep-divine-meadow-ao56u82a-pooler.c-2.ap-southeast-1.aws.neon.tech/neondb?user=neondb_owner&password=********&sslmode=require&channelBinding=require (PostgreSQL 18.4)
2026-07-27 15:41:40.095  INFO --- [restartedMain] o.f.core.internal.command.DbValidate     :
        Successfully validated 6 migrations (execution time 00:00.245s)
2026-07-27 15:41:40.979  INFO --- [restartedMain] o.f.core.internal.command.DbMigrate      :
        Current version of schema "public": 6
2026-07-27 15:41:41.019  INFO --- [restartedMain] o.f.core.internal.command.DbMigrate      :
        Schema "public" is up to date. No migration necessary.
2026-07-27 15:41:41.336  INFO --- [restartedMain] org.hibernate.orm.jpa                    :
        HHH008540: Processing PersistenceUnitInfo [name: default]
2026-07-27 15:41:41.357  INFO --- [restartedMain] o.s.o.j.p.SpringPersistenceUnitInfo      :
        No LoadTimeWeaver setup: ignoring JPA class transformer
2026-07-27 15:41:41.665  INFO --- [restartedMain] org.hibernate.orm.connections.pooling    :
        HHH10001005: Database info:
	Database JDBC URL [jdbc:postgresql://ep-divine-meadow-ao56u82a-pooler.c-2.ap-southeast-1.aws.neon.tech/neondb?user=neondb_owner&password=npg_JNezHr24wRvm&sslmode=require&channelBinding=require]
	Database driver: PostgreSQL JDBC Driver
	Database dialect: PostgreSQLDialect
	Database version: 18.4
	Default catalog/schema: neondb/public
	Autocommit mode: undefined/unknown
	Isolation level: READ_COMMITTED [default READ_COMMITTED]
	JDBC fetch size: none
	Pool: DataSourceConnectionProvider
	Minimum pool size: undefined/unknown
	Maximum pool size: undefined/unknown
2026-07-27 15:41:41.726  INFO --- [restartedMain] org.hibernate.orm.core                   :
        HHH000489: No JTA platform available (set 'hibernate.transaction.jta.platform' to enable JTA platform integration)
2026-07-27 15:41:41.727  INFO --- [restartedMain] j.LocalContainerEntityManagerFactoryBean :
        Initialized JPA EntityManagerFactory for persistence unit 'default'
2026-07-27 15:41:41.759  INFO --- [restartedMain] eAuthenticationProviderManagerConfigurer :
        Global AuthenticationManager configured with AuthenticationProvider bean with name authenticationProvider
2026-07-27 15:41:41.759  WARN --- [restartedMain] r$InitializeUserDetailsManagerConfigurer :
        Global AuthenticationManager configured with an AuthenticationProvider bean. UserDetailsService beans will not be used by Spring Security for automatically configuring username/password login. Consider removing the AuthenticationProvider bean. Alternatively, consider using the UserDetailsService in a manually instantiated DaoAuthenticationProvider. If the current configuration is intentional, to turn off this warning, increase the logging level of 'org.springframework.security.config.annotation.authentication.configuration.InitializeUserDetailsBeanManagerConfigurer' to ERROR
2026-07-27 15:41:41.844 DEBUG --- [restartedMain] o.s.s.web.DefaultSecurityFilterChain     :
        Will secure any request with filters: DisableEncodeUrlFilter, WebAsyncManagerIntegrationFilter, SecurityContextHolderFilter, HeaderWriterFilter, LogoutFilter, JwtAuthFilter, RequestCacheAwareFilter, SecurityContextHolderAwareRequestFilter, AnonymousAuthenticationFilter, SessionManagementFilter, ExceptionTranslationFilter, AuthorizationFilter
2026-07-27 15:41:41.924  INFO --- [restartedMain] o.s.b.a.e.web.EndpointLinksResolver      :
        Exposing 1 endpoint beneath base path '/actuator'
2026-07-27 15:41:41.934  INFO --- [restartedMain] o.s.boot.tomcat.TomcatWebServer          :
        Tomcat started on port 8080 (http) with context path '/api/v1'
2026-07-27 15:41:41.937  INFO --- [restartedMain] c.a.r.p.PortfolioApiApplication          :
        Started PortfolioApiApplication in 4.203 seconds (process running for 234.542)
2026-07-27 15:41:41.938  INFO --- [restartedMain] c.a.r.p.seeder.DatabaseSeeder            :
        Mengeksekusi isolasi seeder untuk environment development...
2026-07-27 15:41:42.047  INFO --- [restartedMain] c.a.r.p.seeder.ProjectSeeder             :
        Projects table has already have a data. Skipping seeding for project entity.
2026-07-27 15:41:42.158  INFO --- [restartedMain] c.a.r.p.seeder.ExperienceSeeder          :
        Experiences table has already have a data. Skipping seeding for experience entity.
2026-07-27 15:41:42.317  INFO --- [restartedMain] c.a.r.portfolio_api.seeder.BlogSeeder    :
        Blogs table has already have a data. Skipping seeding for blog entity.
2026-07-27 15:41:42.420  INFO --- [restartedMain] c.a.rizz.portfolio_api.seeder.UseSeeder  :
        Uses table has already have a data. Skipping seeding for use entity.
2026-07-27 15:41:42.421  INFO --- [restartedMain] c.a.r.p.seeder.DatabaseSeeder            :
        Seluruh mock data berhasil diinjeksi.
2026-07-27 15:41:42.422  INFO --- [restartedMain] .ConditionEvaluationDeltaLoggingListener :
        Condition evaluation unchanged
2026-07-27 15:41:43.351  INFO --- [File Watcher] rtingClassPathChangeChangedEventListener :
        Restarting due to 2 class path changes (0 additions, 0 deletions, 2 modifications)
2026-07-27 15:41:43.353  INFO --- [Thread-25] o.s.boot.tomcat.GracefulShutdown         :
        Commencing graceful shutdown. Waiting for active requests to complete
2026-07-27 15:41:43.357  INFO --- [tomcat-shutdown] o.s.boot.tomcat.GracefulShutdown         :
        Graceful shutdown complete
2026-07-27 15:41:43.370  INFO --- [Thread-25] j.LocalContainerEntityManagerFactoryBean :
        Closing JPA EntityManagerFactory for persistence unit 'default'
2026-07-27 15:41:43.371  INFO --- [Thread-25] com.zaxxer.hikari.HikariDataSource       :
        HikariPool-7 - Shutdown initiated...
2026-07-27 15:41:43.760  INFO --- [Thread-25] com.zaxxer.hikari.HikariDataSource       :
        HikariPool-7 - Shutdown completed.
2026-07-27 15:41:43.844  INFO --- [restartedMain] c.a.r.p.PortfolioApiApplication          :
        Starting PortfolioApiApplication using Java 25.0.3 with PID 23752 (D:\kodingan\personal\portfolio-api\target\classes started by fujiy in D:\kodingan\personal\portfolio-api)
2026-07-27 15:41:43.844  INFO --- [restartedMain] c.a.r.p.PortfolioApiApplication          :
        The following 1 profile is active: "dev"
2026-07-27 15:41:43.971  INFO --- [restartedMain] .s.d.r.c.RepositoryConfigurationDelegate :
        Multiple Spring Data modules found, entering strict repository configuration mode
2026-07-27 15:41:43.971  INFO --- [restartedMain] .s.d.r.c.RepositoryConfigurationDelegate :
        Bootstrapping Spring Data JPA repositories in DEFAULT mode.
2026-07-27 15:41:43.984  INFO --- [restartedMain] .s.d.r.c.RepositoryConfigurationDelegate :
        Finished Spring Data repository scanning in 12 ms. Found 6 JPA repository interfaces.
2026-07-27 15:41:43.989  INFO --- [restartedMain] .s.d.r.c.RepositoryConfigurationDelegate :
        Multiple Spring Data modules found, entering strict repository configuration mode
2026-07-27 15:41:43.989  INFO --- [restartedMain] .s.d.r.c.RepositoryConfigurationDelegate :
        Bootstrapping Spring Data Redis repositories in DEFAULT mode.
2026-07-27 15:41:43.992  INFO --- [restartedMain] .RepositoryConfigurationExtensionSupport :
        Spring Data Redis - Could not safely identify store assignment for repository candidate interface com.api.rizz.portfolio_api.repository.BlogAttachmentRepository; If you want this repository to be a Redis repository, consider annotating your entities with one of these annotations: org.springframework.data.redis.core.RedisHash (preferred), or consider extending one of the following types with your repository: org.springframework.data.keyvalue.repository.KeyValueRepository
2026-07-27 15:41:43.992  INFO --- [restartedMain] .RepositoryConfigurationExtensionSupport :
        Spring Data Redis - Could not safely identify store assignment for repository candidate interface com.api.rizz.portfolio_api.repository.BlogRepository; If you want this repository to be a Redis repository, consider annotating your entities with one of these annotations: org.springframework.data.redis.core.RedisHash (preferred), or consider extending one of the following types with your repository: org.springframework.data.keyvalue.repository.KeyValueRepository
2026-07-27 15:41:43.992  INFO --- [restartedMain] .RepositoryConfigurationExtensionSupport :
        Spring Data Redis - Could not safely identify store assignment for repository candidate interface com.api.rizz.portfolio_api.repository.ExperienceRepository; If you want this repository to be a Redis repository, consider annotating your entities with one of these annotations: org.springframework.data.redis.core.RedisHash (preferred), or consider extending one of the following types with your repository: org.springframework.data.keyvalue.repository.KeyValueRepository
2026-07-27 15:41:43.992  INFO --- [restartedMain] .RepositoryConfigurationExtensionSupport :
        Spring Data Redis - Could not safely identify store assignment for repository candidate interface com.api.rizz.portfolio_api.repository.ProjectRepository; If you want this repository to be a Redis repository, consider annotating your entities with one of these annotations: org.springframework.data.redis.core.RedisHash (preferred), or consider extending one of the following types with your repository: org.springframework.data.keyvalue.repository.KeyValueRepository
2026-07-27 15:41:43.993  INFO --- [restartedMain] .RepositoryConfigurationExtensionSupport :
        Spring Data Redis - Could not safely identify store assignment for repository candidate interface com.api.rizz.portfolio_api.repository.UseRepository; If you want this repository to be a Redis repository, consider annotating your entities with one of these annotations: org.springframework.data.redis.core.RedisHash (preferred), or consider extending one of the following types with your repository: org.springframework.data.keyvalue.repository.KeyValueRepository
2026-07-27 15:41:43.993  INFO --- [restartedMain] .RepositoryConfigurationExtensionSupport :
        Spring Data Redis - Could not safely identify store assignment for repository candidate interface com.api.rizz.portfolio_api.repository.UserRepository; If you want this repository to be a Redis repository, consider annotating your entities with one of these annotations: org.springframework.data.redis.core.RedisHash (preferred), or consider extending one of the following types with your repository: org.springframework.data.keyvalue.repository.KeyValueRepository
2026-07-27 15:41:43.993  INFO --- [restartedMain] .s.d.r.c.RepositoryConfigurationDelegate :
        Finished Spring Data repository scanning in 2 ms. Found 0 Redis repository interfaces.
2026-07-27 15:41:44.055  INFO --- [restartedMain] o.s.boot.tomcat.TomcatWebServer          :
        Tomcat initialized with port 8080 (http)
2026-07-27 15:41:44.056  INFO --- [restartedMain] o.apache.catalina.core.StandardService   :
        Starting service [Tomcat]
2026-07-27 15:41:44.056  INFO --- [restartedMain] o.apache.catalina.core.StandardEngine    :
        Starting Servlet engine: [Apache Tomcat/11.0.22]
2026-07-27 15:41:44.080  INFO --- [restartedMain] b.w.c.s.WebApplicationContextInitializer :
        Root WebApplicationContext: initialization completed in 235 ms
2026-07-27 15:41:44.210  INFO --- [restartedMain] com.zaxxer.hikari.HikariDataSource       :
        HikariPool-8 - Starting...
2026-07-27 15:41:45.091  INFO --- [restartedMain] com.zaxxer.hikari.pool.HikariPool        :
        HikariPool-8 - Added connection org.postgresql.jdbc.PgConnection@1fda59af
2026-07-27 15:41:45.092  INFO --- [restartedMain] com.zaxxer.hikari.HikariDataSource       :
        HikariPool-8 - Start completed.
2026-07-27 15:41:45.194  INFO --- [restartedMain] org.flywaydb.core.FlywayExecutor         :
        Database: jdbc:postgresql://ep-divine-meadow-ao56u82a-pooler.c-2.ap-southeast-1.aws.neon.tech/neondb?user=neondb_owner&password=********&sslmode=require&channelBinding=require (PostgreSQL 18.4)
2026-07-27 15:41:46.019  INFO --- [restartedMain] o.f.core.internal.command.DbValidate     :
        Successfully validated 6 migrations (execution time 00:00.207s)
2026-07-27 15:41:46.688  INFO --- [restartedMain] o.f.core.internal.command.DbMigrate      :
        Current version of schema "public": 6
2026-07-27 15:41:46.737  INFO --- [restartedMain] o.f.core.internal.command.DbMigrate      :
        Schema "public" is up to date. No migration necessary.
2026-07-27 15:41:47.078  INFO --- [restartedMain] org.hibernate.orm.jpa                    :
        HHH008540: Processing PersistenceUnitInfo [name: default]
2026-07-27 15:41:47.092  INFO --- [restartedMain] o.s.o.j.p.SpringPersistenceUnitInfo      :
        No LoadTimeWeaver setup: ignoring JPA class transformer
2026-07-27 15:41:47.455  INFO --- [restartedMain] org.hibernate.orm.connections.pooling    :
        HHH10001005: Database info:
	Database JDBC URL [jdbc:postgresql://ep-divine-meadow-ao56u82a-pooler.c-2.ap-southeast-1.aws.neon.tech/neondb?user=neondb_owner&password=npg_JNezHr24wRvm&sslmode=require&channelBinding=require]
	Database driver: PostgreSQL JDBC Driver
	Database dialect: PostgreSQLDialect
	Database version: 18.4
	Default catalog/schema: neondb/public
	Autocommit mode: undefined/unknown
	Isolation level: READ_COMMITTED [default READ_COMMITTED]
	JDBC fetch size: none
	Pool: DataSourceConnectionProvider
	Minimum pool size: undefined/unknown
	Maximum pool size: undefined/unknown
2026-07-27 15:41:47.513  INFO --- [restartedMain] org.hibernate.orm.core                   :
        HHH000489: No JTA platform available (set 'hibernate.transaction.jta.platform' to enable JTA platform integration)
2026-07-27 15:41:47.514  INFO --- [restartedMain] j.LocalContainerEntityManagerFactoryBean :
        Initialized JPA EntityManagerFactory for persistence unit 'default'
2026-07-27 15:41:47.545  INFO --- [restartedMain] eAuthenticationProviderManagerConfigurer :
        Global AuthenticationManager configured with AuthenticationProvider bean with name authenticationProvider
2026-07-27 15:41:47.545  WARN --- [restartedMain] r$InitializeUserDetailsManagerConfigurer :
        Global AuthenticationManager configured with an AuthenticationProvider bean. UserDetailsService beans will not be used by Spring Security for automatically configuring username/password login. Consider removing the AuthenticationProvider bean. Alternatively, consider using the UserDetailsService in a manually instantiated DaoAuthenticationProvider. If the current configuration is intentional, to turn off this warning, increase the logging level of 'org.springframework.security.config.annotation.authentication.configuration.InitializeUserDetailsBeanManagerConfigurer' to ERROR
2026-07-27 15:41:47.640 DEBUG --- [restartedMain] o.s.s.web.DefaultSecurityFilterChain     :
        Will secure any request with filters: DisableEncodeUrlFilter, WebAsyncManagerIntegrationFilter, SecurityContextHolderFilter, HeaderWriterFilter, LogoutFilter, JwtAuthFilter, RequestCacheAwareFilter, SecurityContextHolderAwareRequestFilter, AnonymousAuthenticationFilter, SessionManagementFilter, ExceptionTranslationFilter, AuthorizationFilter
2026-07-27 15:41:47.731  INFO --- [restartedMain] o.s.b.a.e.web.EndpointLinksResolver      :
        Exposing 1 endpoint beneath base path '/actuator'
2026-07-27 15:41:47.749  INFO --- [restartedMain] o.s.boot.tomcat.TomcatWebServer          :
        Tomcat started on port 8080 (http) with context path '/api/v1'
2026-07-27 15:41:47.757  INFO --- [restartedMain] c.a.r.p.PortfolioApiApplication          :
        Started PortfolioApiApplication in 3.931 seconds (process running for 240.361)
2026-07-27 15:41:47.758  INFO --- [restartedMain] c.a.r.p.seeder.DatabaseSeeder            :
        Mengeksekusi isolasi seeder untuk environment development...
2026-07-27 15:41:47.969  INFO --- [restartedMain] c.a.r.p.seeder.ProjectSeeder             :
        Projects table has already have a data. Skipping seeding for project entity.
2026-07-27 15:41:48.175  INFO --- [restartedMain] c.a.r.p.seeder.ExperienceSeeder          :
        Experiences table has already have a data. Skipping seeding for experience entity.
2026-07-27 15:41:48.381  INFO --- [restartedMain] c.a.r.portfolio_api.seeder.BlogSeeder    :
        Blogs table has already have a data. Skipping seeding for blog entity.
2026-07-27 15:41:48.586  INFO --- [restartedMain] c.a.rizz.portfolio_api.seeder.UseSeeder  :
        Uses table has already have a data. Skipping seeding for use entity.
2026-07-27 15:41:48.587  INFO --- [restartedMain] c.a.r.p.seeder.DatabaseSeeder            :
        Seluruh mock data berhasil diinjeksi.
2026-07-27 15:41:48.587  INFO --- [restartedMain] .ConditionEvaluationDeltaLoggingListener :
        Condition evaluation unchanged
2026-07-27 15:41:51.209  INFO --- [File Watcher] rtingClassPathChangeChangedEventListener :
        Restarting due to 1 class path change (0 additions, 0 deletions, 1 modification)
2026-07-27 15:41:51.211  INFO --- [Thread-29] o.s.boot.tomcat.GracefulShutdown         :
        Commencing graceful shutdown. Waiting for active requests to complete
2026-07-27 15:41:51.215  INFO --- [tomcat-shutdown] o.s.boot.tomcat.GracefulShutdown         :
        Graceful shutdown complete
2026-07-27 15:41:51.254  INFO --- [Thread-29] j.LocalContainerEntityManagerFactoryBean :
        Closing JPA EntityManagerFactory for persistence unit 'default'
2026-07-27 15:41:51.255  INFO --- [Thread-29] com.zaxxer.hikari.HikariDataSource       :
        HikariPool-8 - Shutdown initiated...
2026-07-27 15:41:51.772  INFO --- [Thread-29] com.zaxxer.hikari.HikariDataSource       :
        HikariPool-8 - Shutdown completed.
2026-07-27 15:41:51.854  INFO --- [restartedMain] c.a.r.p.PortfolioApiApplication          :
        Starting PortfolioApiApplication using Java 25.0.3 with PID 23752 (D:\kodingan\personal\portfolio-api\target\classes started by fujiy in D:\kodingan\personal\portfolio-api)
2026-07-27 15:41:51.854  INFO --- [restartedMain] c.a.r.p.PortfolioApiApplication          :
        The following 1 profile is active: "dev"
2026-07-27 15:41:51.981  INFO --- [restartedMain] .s.d.r.c.RepositoryConfigurationDelegate :
        Multiple Spring Data modules found, entering strict repository configuration mode
2026-07-27 15:41:51.981  INFO --- [restartedMain] .s.d.r.c.RepositoryConfigurationDelegate :
        Bootstrapping Spring Data JPA repositories in DEFAULT mode.
2026-07-27 15:41:51.994  INFO --- [restartedMain] .s.d.r.c.RepositoryConfigurationDelegate :
        Finished Spring Data repository scanning in 12 ms. Found 6 JPA repository interfaces.
2026-07-27 15:41:51.998  INFO --- [restartedMain] .s.d.r.c.RepositoryConfigurationDelegate :
        Multiple Spring Data modules found, entering strict repository configuration mode
2026-07-27 15:41:51.998  INFO --- [restartedMain] .s.d.r.c.RepositoryConfigurationDelegate :
        Bootstrapping Spring Data Redis repositories in DEFAULT mode.
2026-07-27 15:41:52.001  INFO --- [restartedMain] .RepositoryConfigurationExtensionSupport :
        Spring Data Redis - Could not safely identify store assignment for repository candidate interface com.api.rizz.portfolio_api.repository.BlogAttachmentRepository; If you want this repository to be a Redis repository, consider annotating your entities with one of these annotations: org.springframework.data.redis.core.RedisHash (preferred), or consider extending one of the following types with your repository: org.springframework.data.keyvalue.repository.KeyValueRepository
2026-07-27 15:41:52.001  INFO --- [restartedMain] .RepositoryConfigurationExtensionSupport :
        Spring Data Redis - Could not safely identify store assignment for repository candidate interface com.api.rizz.portfolio_api.repository.BlogRepository; If you want this repository to be a Redis repository, consider annotating your entities with one of these annotations: org.springframework.data.redis.core.RedisHash (preferred), or consider extending one of the following types with your repository: org.springframework.data.keyvalue.repository.KeyValueRepository
2026-07-27 15:41:52.002  INFO --- [restartedMain] .RepositoryConfigurationExtensionSupport :
        Spring Data Redis - Could not safely identify store assignment for repository candidate interface com.api.rizz.portfolio_api.repository.ExperienceRepository; If you want this repository to be a Redis repository, consider annotating your entities with one of these annotations: org.springframework.data.redis.core.RedisHash (preferred), or consider extending one of the following types with your repository: org.springframework.data.keyvalue.repository.KeyValueRepository
2026-07-27 15:41:52.002  INFO --- [restartedMain] .RepositoryConfigurationExtensionSupport :
        Spring Data Redis - Could not safely identify store assignment for repository candidate interface com.api.rizz.portfolio_api.repository.ProjectRepository; If you want this repository to be a Redis repository, consider annotating your entities with one of these annotations: org.springframework.data.redis.core.RedisHash (preferred), or consider extending one of the following types with your repository: org.springframework.data.keyvalue.repository.KeyValueRepository
2026-07-27 15:41:52.003  INFO --- [restartedMain] .RepositoryConfigurationExtensionSupport :
        Spring Data Redis - Could not safely identify store assignment for repository candidate interface com.api.rizz.portfolio_api.repository.UseRepository; If you want this repository to be a Redis repository, consider annotating your entities with one of these annotations: org.springframework.data.redis.core.RedisHash (preferred), or consider extending one of the following types with your repository: org.springframework.data.keyvalue.repository.KeyValueRepository
2026-07-27 15:41:52.003  INFO --- [restartedMain] .RepositoryConfigurationExtensionSupport :
        Spring Data Redis - Could not safely identify store assignment for repository candidate interface com.api.rizz.portfolio_api.repository.UserRepository; If you want this repository to be a Redis repository, consider annotating your entities with one of these annotations: org.springframework.data.redis.core.RedisHash (preferred), or consider extending one of the following types with your repository: org.springframework.data.keyvalue.repository.KeyValueRepository
2026-07-27 15:41:52.003  INFO --- [restartedMain] .s.d.r.c.RepositoryConfigurationDelegate :
        Finished Spring Data repository scanning in 4 ms. Found 0 Redis repository interfaces.
2026-07-27 15:41:52.064  INFO --- [restartedMain] o.s.boot.tomcat.TomcatWebServer          :
        Tomcat initialized with port 8080 (http)
2026-07-27 15:41:52.065  INFO --- [restartedMain] o.apache.catalina.core.StandardService   :
        Starting service [Tomcat]
2026-07-27 15:41:52.065  INFO --- [restartedMain] o.apache.catalina.core.StandardEngine    :
        Starting Servlet engine: [Apache Tomcat/11.0.22]
2026-07-27 15:41:52.095  INFO --- [restartedMain] b.w.c.s.WebApplicationContextInitializer :
        Root WebApplicationContext: initialization completed in 239 ms
2026-07-27 15:41:52.150  INFO --- [restartedMain] com.zaxxer.hikari.HikariDataSource       :
        HikariPool-9 - Starting...
2026-07-27 15:41:52.635  INFO --- [restartedMain] com.zaxxer.hikari.pool.HikariPool        :
        HikariPool-9 - Added connection org.postgresql.jdbc.PgConnection@601a1b
2026-07-27 15:41:52.636  INFO --- [restartedMain] com.zaxxer.hikari.HikariDataSource       :
        HikariPool-9 - Start completed.
2026-07-27 15:41:52.672  INFO --- [restartedMain] org.flywaydb.core.FlywayExecutor         :
        Database: jdbc:postgresql://ep-divine-meadow-ao56u82a-pooler.c-2.ap-southeast-1.aws.neon.tech/neondb?user=neondb_owner&password=********&sslmode=require&channelBinding=require (PostgreSQL 18.4)
2026-07-27 15:41:53.288  INFO --- [restartedMain] o.f.core.internal.command.DbValidate     :
        Successfully validated 6 migrations (execution time 00:00.207s)
2026-07-27 15:41:54.550  INFO --- [restartedMain] o.f.core.internal.command.DbMigrate      :
        Current version of schema "public": 6
2026-07-27 15:41:54.582  INFO --- [restartedMain] o.f.core.internal.command.DbMigrate      :
        Schema "public" is up to date. No migration necessary.
2026-07-27 15:41:54.904  INFO --- [restartedMain] org.hibernate.orm.jpa                    :
        HHH008540: Processing PersistenceUnitInfo [name: default]
2026-07-27 15:41:54.919  INFO --- [restartedMain] o.s.o.j.p.SpringPersistenceUnitInfo      :
        No LoadTimeWeaver setup: ignoring JPA class transformer
2026-07-27 15:41:55.267  INFO --- [restartedMain] org.hibernate.orm.connections.pooling    :
        HHH10001005: Database info:
	Database JDBC URL [jdbc:postgresql://ep-divine-meadow-ao56u82a-pooler.c-2.ap-southeast-1.aws.neon.tech/neondb?user=neondb_owner&password=npg_JNezHr24wRvm&sslmode=require&channelBinding=require]
	Database driver: PostgreSQL JDBC Driver
	Database dialect: PostgreSQLDialect
	Database version: 18.4
	Default catalog/schema: neondb/public
	Autocommit mode: undefined/unknown
	Isolation level: READ_COMMITTED [default READ_COMMITTED]
	JDBC fetch size: none
	Pool: DataSourceConnectionProvider
	Minimum pool size: undefined/unknown
	Maximum pool size: undefined/unknown
2026-07-27 15:41:55.345  INFO --- [restartedMain] org.hibernate.orm.core                   :
        HHH000489: No JTA platform available (set 'hibernate.transaction.jta.platform' to enable JTA platform integration)
2026-07-27 15:41:55.345  INFO --- [restartedMain] j.LocalContainerEntityManagerFactoryBean :
        Initialized JPA EntityManagerFactory for persistence unit 'default'
2026-07-27 15:41:55.381  INFO --- [restartedMain] eAuthenticationProviderManagerConfigurer :
        Global AuthenticationManager configured with AuthenticationProvider bean with name authenticationProvider
2026-07-27 15:41:55.381  WARN --- [restartedMain] r$InitializeUserDetailsManagerConfigurer :
        Global AuthenticationManager configured with an AuthenticationProvider bean. UserDetailsService beans will not be used by Spring Security for automatically configuring username/password login. Consider removing the AuthenticationProvider bean. Alternatively, consider using the UserDetailsService in a manually instantiated DaoAuthenticationProvider. If the current configuration is intentional, to turn off this warning, increase the logging level of 'org.springframework.security.config.annotation.authentication.configuration.InitializeUserDetailsBeanManagerConfigurer' to ERROR
2026-07-27 15:41:55.473 DEBUG --- [restartedMain] o.s.s.web.DefaultSecurityFilterChain     :
        Will secure any request with filters: DisableEncodeUrlFilter, WebAsyncManagerIntegrationFilter, SecurityContextHolderFilter, HeaderWriterFilter, LogoutFilter, JwtAuthFilter, RequestCacheAwareFilter, SecurityContextHolderAwareRequestFilter, AnonymousAuthenticationFilter, SessionManagementFilter, ExceptionTranslationFilter, AuthorizationFilter
2026-07-27 15:41:55.561  INFO --- [restartedMain] o.s.b.a.e.web.EndpointLinksResolver      :
        Exposing 1 endpoint beneath base path '/actuator'
2026-07-27 15:41:55.573  INFO --- [restartedMain] o.s.boot.tomcat.TomcatWebServer          :
        Tomcat started on port 8080 (http) with context path '/api/v1'
2026-07-27 15:41:55.575  INFO --- [restartedMain] c.a.r.p.PortfolioApiApplication          :
        Started PortfolioApiApplication in 3.737 seconds (process running for 248.18)
2026-07-27 15:41:55.576  INFO --- [restartedMain] c.a.r.p.seeder.DatabaseSeeder            :
        Mengeksekusi isolasi seeder untuk environment development...
2026-07-27 15:41:55.718  INFO --- [restartedMain] c.a.r.p.seeder.ProjectSeeder             :
        Projects table has already have a data. Skipping seeding for project entity.
2026-07-27 15:41:55.819  INFO --- [restartedMain] c.a.r.p.seeder.ExperienceSeeder          :
        Experiences table has already have a data. Skipping seeding for experience entity.
2026-07-27 15:41:55.927  INFO --- [restartedMain] c.a.r.portfolio_api.seeder.BlogSeeder    :
        Blogs table has already have a data. Skipping seeding for blog entity.
2026-07-27 15:41:56.025  INFO --- [restartedMain] c.a.rizz.portfolio_api.seeder.UseSeeder  :
        Uses table has already have a data. Skipping seeding for use entity.
2026-07-27 15:41:56.025  INFO --- [restartedMain] c.a.r.p.seeder.DatabaseSeeder            :
        Seluruh mock data berhasil diinjeksi.
2026-07-27 15:41:56.026  INFO --- [restartedMain] .ConditionEvaluationDeltaLoggingListener :
        Condition evaluation unchanged
2026-07-27 15:42:08.271  INFO --- [File Watcher] rtingClassPathChangeChangedEventListener :
        Restarting due to 1 class path change (0 additions, 0 deletions, 1 modification)
2026-07-27 15:42:08.273  INFO --- [Thread-33] o.s.boot.tomcat.GracefulShutdown         :
        Commencing graceful shutdown. Waiting for active requests to complete
2026-07-27 15:42:08.278  INFO --- [tomcat-shutdown] o.s.boot.tomcat.GracefulShutdown         :
        Graceful shutdown complete
2026-07-27 15:42:08.306  INFO --- [Thread-33] j.LocalContainerEntityManagerFactoryBean :
        Closing JPA EntityManagerFactory for persistence unit 'default'
2026-07-27 15:42:08.307  INFO --- [Thread-33] com.zaxxer.hikari.HikariDataSource       :
        HikariPool-9 - Shutdown initiated...
2026-07-27 15:42:08.937  INFO --- [Thread-33] com.zaxxer.hikari.HikariDataSource       :
        HikariPool-9 - Shutdown completed.
2026-07-27 15:42:09.022  INFO --- [restartedMain] c.a.r.p.PortfolioApiApplication          :
        Starting PortfolioApiApplication using Java 25.0.3 with PID 23752 (D:\kodingan\personal\portfolio-api\target\classes started by fujiy in D:\kodingan\personal\portfolio-api)
2026-07-27 15:42:09.023  INFO --- [restartedMain] c.a.r.p.PortfolioApiApplication          :
        The following 1 profile is active: "dev"
2026-07-27 15:42:09.152  INFO --- [restartedMain] .s.d.r.c.RepositoryConfigurationDelegate :
        Multiple Spring Data modules found, entering strict repository configuration mode
2026-07-27 15:42:09.152  INFO --- [restartedMain] .s.d.r.c.RepositoryConfigurationDelegate :
        Bootstrapping Spring Data JPA repositories in DEFAULT mode.
2026-07-27 15:42:09.162  INFO --- [restartedMain] .s.d.r.c.RepositoryConfigurationDelegate :
        Finished Spring Data repository scanning in 9 ms. Found 6 JPA repository interfaces.
2026-07-27 15:42:09.165  INFO --- [restartedMain] .s.d.r.c.RepositoryConfigurationDelegate :
        Multiple Spring Data modules found, entering strict repository configuration mode
2026-07-27 15:42:09.166  INFO --- [restartedMain] .s.d.r.c.RepositoryConfigurationDelegate :
        Bootstrapping Spring Data Redis repositories in DEFAULT mode.
2026-07-27 15:42:09.169  INFO --- [restartedMain] .RepositoryConfigurationExtensionSupport :
        Spring Data Redis - Could not safely identify store assignment for repository candidate interface com.api.rizz.portfolio_api.repository.BlogAttachmentRepository; If you want this repository to be a Redis repository, consider annotating your entities with one of these annotations: org.springframework.data.redis.core.RedisHash (preferred), or consider extending one of the following types with your repository: org.springframework.data.keyvalue.repository.KeyValueRepository
2026-07-27 15:42:09.169  INFO --- [restartedMain] .RepositoryConfigurationExtensionSupport :
        Spring Data Redis - Could not safely identify store assignment for repository candidate interface com.api.rizz.portfolio_api.repository.BlogRepository; If you want this repository to be a Redis repository, consider annotating your entities with one of these annotations: org.springframework.data.redis.core.RedisHash (preferred), or consider extending one of the following types with your repository: org.springframework.data.keyvalue.repository.KeyValueRepository
2026-07-27 15:42:09.169  INFO --- [restartedMain] .RepositoryConfigurationExtensionSupport :
        Spring Data Redis - Could not safely identify store assignment for repository candidate interface com.api.rizz.portfolio_api.repository.ExperienceRepository; If you want this repository to be a Redis repository, consider annotating your entities with one of these annotations: org.springframework.data.redis.core.RedisHash (preferred), or consider extending one of the following types with your repository: org.springframework.data.keyvalue.repository.KeyValueRepository
2026-07-27 15:42:09.170  INFO --- [restartedMain] .RepositoryConfigurationExtensionSupport :
        Spring Data Redis - Could not safely identify store assignment for repository candidate interface com.api.rizz.portfolio_api.repository.ProjectRepository; If you want this repository to be a Redis repository, consider annotating your entities with one of these annotations: org.springframework.data.redis.core.RedisHash (preferred), or consider extending one of the following types with your repository: org.springframework.data.keyvalue.repository.KeyValueRepository
2026-07-27 15:42:09.170  INFO --- [restartedMain] .RepositoryConfigurationExtensionSupport :
        Spring Data Redis - Could not safely identify store assignment for repository candidate interface com.api.rizz.portfolio_api.repository.UseRepository; If you want this repository to be a Redis repository, consider annotating your entities with one of these annotations: org.springframework.data.redis.core.RedisHash (preferred), or consider extending one of the following types with your repository: org.springframework.data.keyvalue.repository.KeyValueRepository
2026-07-27 15:42:09.170  INFO --- [restartedMain] .RepositoryConfigurationExtensionSupport :
        Spring Data Redis - Could not safely identify store assignment for repository candidate interface com.api.rizz.portfolio_api.repository.UserRepository; If you want this repository to be a Redis repository, consider annotating your entities with one of these annotations: org.springframework.data.redis.core.RedisHash (preferred), or consider extending one of the following types with your repository: org.springframework.data.keyvalue.repository.KeyValueRepository
2026-07-27 15:42:09.170  INFO --- [restartedMain] .s.d.r.c.RepositoryConfigurationDelegate :
        Finished Spring Data repository scanning in 2 ms. Found 0 Redis repository interfaces.
2026-07-27 15:42:09.247  INFO --- [restartedMain] o.s.boot.tomcat.TomcatWebServer          :
        Tomcat initialized with port 8080 (http)
2026-07-27 15:42:09.248  INFO --- [restartedMain] o.apache.catalina.core.StandardService   :
        Starting service [Tomcat]
2026-07-27 15:42:09.248  INFO --- [restartedMain] o.apache.catalina.core.StandardEngine    :
        Starting Servlet engine: [Apache Tomcat/11.0.22]
2026-07-27 15:42:09.268  INFO --- [restartedMain] b.w.c.s.WebApplicationContextInitializer :
        Root WebApplicationContext: initialization completed in 245 ms
2026-07-27 15:42:09.299  INFO --- [restartedMain] com.zaxxer.hikari.HikariDataSource       :
        HikariPool-10 - Starting...
2026-07-27 15:42:09.808  INFO --- [restartedMain] com.zaxxer.hikari.pool.HikariPool        :
        HikariPool-10 - Added connection org.postgresql.jdbc.PgConnection@5edbd558
2026-07-27 15:42:09.810  INFO --- [restartedMain] com.zaxxer.hikari.HikariDataSource       :
        HikariPool-10 - Start completed.
2026-07-27 15:42:10.023  INFO --- [restartedMain] org.flywaydb.core.FlywayExecutor         :
        Database: jdbc:postgresql://ep-divine-meadow-ao56u82a-pooler.c-2.ap-southeast-1.aws.neon.tech/neondb?user=neondb_owner&password=********&sslmode=require&channelBinding=require (PostgreSQL 18.4)
2026-07-27 15:42:12.785  INFO --- [restartedMain] o.f.core.internal.command.DbValidate     :
        Successfully validated 6 migrations (execution time 00:00.251s)
2026-07-27 15:42:13.708  INFO --- [restartedMain] o.f.core.internal.command.DbMigrate      :
        Current version of schema "public": 6
2026-07-27 15:42:13.769  INFO --- [restartedMain] o.f.core.internal.command.DbMigrate      :
        Schema "public" is up to date. No migration necessary.
2026-07-27 15:42:14.358  INFO --- [restartedMain] org.hibernate.orm.jpa                    :
        HHH008540: Processing PersistenceUnitInfo [name: default]
2026-07-27 15:42:14.376  INFO --- [restartedMain] o.s.o.j.p.SpringPersistenceUnitInfo      :
        No LoadTimeWeaver setup: ignoring JPA class transformer
2026-07-27 15:42:15.072  INFO --- [restartedMain] org.hibernate.orm.connections.pooling    :
        HHH10001005: Database info:
	Database JDBC URL [jdbc:postgresql://ep-divine-meadow-ao56u82a-pooler.c-2.ap-southeast-1.aws.neon.tech/neondb?user=neondb_owner&password=npg_JNezHr24wRvm&sslmode=require&channelBinding=require]
	Database driver: PostgreSQL JDBC Driver
	Database dialect: PostgreSQLDialect
	Database version: 18.4
	Default catalog/schema: neondb/public
	Autocommit mode: undefined/unknown
	Isolation level: READ_COMMITTED [default READ_COMMITTED]
	JDBC fetch size: none
	Pool: DataSourceConnectionProvider
	Minimum pool size: undefined/unknown
	Maximum pool size: undefined/unknown
2026-07-27 15:42:15.143  INFO --- [restartedMain] org.hibernate.orm.core                   :
        HHH000489: No JTA platform available (set 'hibernate.transaction.jta.platform' to enable JTA platform integration)
2026-07-27 15:42:15.143  INFO --- [restartedMain] j.LocalContainerEntityManagerFactoryBean :
        Initialized JPA EntityManagerFactory for persistence unit 'default'
2026-07-27 15:42:15.182  INFO --- [restartedMain] eAuthenticationProviderManagerConfigurer :
        Global AuthenticationManager configured with AuthenticationProvider bean with name authenticationProvider
2026-07-27 15:42:15.182  WARN --- [restartedMain] r$InitializeUserDetailsManagerConfigurer :
        Global AuthenticationManager configured with an AuthenticationProvider bean. UserDetailsService beans will not be used by Spring Security for automatically configuring username/password login. Consider removing the AuthenticationProvider bean. Alternatively, consider using the UserDetailsService in a manually instantiated DaoAuthenticationProvider. If the current configuration is intentional, to turn off this warning, increase the logging level of 'org.springframework.security.config.annotation.authentication.configuration.InitializeUserDetailsBeanManagerConfigurer' to ERROR
2026-07-27 15:42:15.269 DEBUG --- [restartedMain] o.s.s.web.DefaultSecurityFilterChain     :
        Will secure any request with filters: DisableEncodeUrlFilter, WebAsyncManagerIntegrationFilter, SecurityContextHolderFilter, HeaderWriterFilter, LogoutFilter, JwtAuthFilter, RequestCacheAwareFilter, SecurityContextHolderAwareRequestFilter, AnonymousAuthenticationFilter, SessionManagementFilter, ExceptionTranslationFilter, AuthorizationFilter
2026-07-27 15:42:15.347  INFO --- [restartedMain] o.s.b.a.e.web.EndpointLinksResolver      :
        Exposing 1 endpoint beneath base path '/actuator'
2026-07-27 15:42:15.360  INFO --- [restartedMain] o.s.boot.tomcat.TomcatWebServer          :
        Tomcat started on port 8080 (http) with context path '/api/v1'
2026-07-27 15:42:15.362  INFO --- [restartedMain] c.a.r.p.PortfolioApiApplication          :
        Started PortfolioApiApplication in 6.355 seconds (process running for 267.967)
2026-07-27 15:42:15.363  INFO --- [restartedMain] c.a.r.p.seeder.DatabaseSeeder            :
        Mengeksekusi isolasi seeder untuk environment development...
2026-07-27 15:42:15.681  INFO --- [restartedMain] c.a.r.p.seeder.ProjectSeeder             :
        Projects table has already have a data. Skipping seeding for project entity.
2026-07-27 15:42:15.856  INFO --- [restartedMain] c.a.r.p.seeder.ExperienceSeeder          :
        Experiences table has already have a data. Skipping seeding for experience entity.
2026-07-27 15:42:15.958  INFO --- [restartedMain] c.a.r.portfolio_api.seeder.BlogSeeder    :
        Blogs table has already have a data. Skipping seeding for blog entity.
2026-07-27 15:42:16.065  INFO --- [restartedMain] c.a.rizz.portfolio_api.seeder.UseSeeder  :
        Uses table has already have a data. Skipping seeding for use entity.
2026-07-27 15:42:16.065  INFO --- [restartedMain] c.a.r.p.seeder.DatabaseSeeder            :
        Seluruh mock data berhasil diinjeksi.
2026-07-27 15:42:16.066  INFO --- [restartedMain] .ConditionEvaluationDeltaLoggingListener :
        Condition evaluation unchanged
2026-07-27 15:42:25.957  INFO --- [File Watcher] rtingClassPathChangeChangedEventListener :
        Restarting due to 1 class path change (0 additions, 0 deletions, 1 modification)
2026-07-27 15:42:25.958  INFO --- [Thread-37] o.s.boot.tomcat.GracefulShutdown         :
        Commencing graceful shutdown. Waiting for active requests to complete
2026-07-27 15:42:25.962  INFO --- [tomcat-shutdown] o.s.boot.tomcat.GracefulShutdown         :
        Graceful shutdown complete
2026-07-27 15:42:25.968  INFO --- [Thread-37] j.LocalContainerEntityManagerFactoryBean :
        Closing JPA EntityManagerFactory for persistence unit 'default'
2026-07-27 15:42:25.969  INFO --- [Thread-37] com.zaxxer.hikari.HikariDataSource       :
        HikariPool-10 - Shutdown initiated...
2026-07-27 15:42:27.336  INFO --- [Thread-37] com.zaxxer.hikari.HikariDataSource       :
        HikariPool-10 - Shutdown completed.
2026-07-27 15:42:27.421  INFO --- [restartedMain] c.a.r.p.PortfolioApiApplication          :
        Starting PortfolioApiApplication using Java 25.0.3 with PID 23752 (D:\kodingan\personal\portfolio-api\target\classes started by fujiy in D:\kodingan\personal\portfolio-api)
2026-07-27 15:42:27.421  INFO --- [restartedMain] c.a.r.p.PortfolioApiApplication          :
        The following 1 profile is active: "dev"
2026-07-27 15:42:27.556  INFO --- [restartedMain] .s.d.r.c.RepositoryConfigurationDelegate :
        Multiple Spring Data modules found, entering strict repository configuration mode
2026-07-27 15:42:27.556  INFO --- [restartedMain] .s.d.r.c.RepositoryConfigurationDelegate :
        Bootstrapping Spring Data JPA repositories in DEFAULT mode.
2026-07-27 15:42:27.570  INFO --- [restartedMain] .s.d.r.c.RepositoryConfigurationDelegate :
        Finished Spring Data repository scanning in 12 ms. Found 6 JPA repository interfaces.
2026-07-27 15:42:27.574  INFO --- [restartedMain] .s.d.r.c.RepositoryConfigurationDelegate :
        Multiple Spring Data modules found, entering strict repository configuration mode
2026-07-27 15:42:27.574  INFO --- [restartedMain] .s.d.r.c.RepositoryConfigurationDelegate :
        Bootstrapping Spring Data Redis repositories in DEFAULT mode.
2026-07-27 15:42:27.578  INFO --- [restartedMain] .RepositoryConfigurationExtensionSupport :
        Spring Data Redis - Could not safely identify store assignment for repository candidate interface com.api.rizz.portfolio_api.repository.BlogAttachmentRepository; If you want this repository to be a Redis repository, consider annotating your entities with one of these annotations: org.springframework.data.redis.core.RedisHash (preferred), or consider extending one of the following types with your repository: org.springframework.data.keyvalue.repository.KeyValueRepository
2026-07-27 15:42:27.579  INFO --- [restartedMain] .RepositoryConfigurationExtensionSupport :
        Spring Data Redis - Could not safely identify store assignment for repository candidate interface com.api.rizz.portfolio_api.repository.BlogRepository; If you want this repository to be a Redis repository, consider annotating your entities with one of these annotations: org.springframework.data.redis.core.RedisHash (preferred), or consider extending one of the following types with your repository: org.springframework.data.keyvalue.repository.KeyValueRepository
2026-07-27 15:42:27.579  INFO --- [restartedMain] .RepositoryConfigurationExtensionSupport :
        Spring Data Redis - Could not safely identify store assignment for repository candidate interface com.api.rizz.portfolio_api.repository.ExperienceRepository; If you want this repository to be a Redis repository, consider annotating your entities with one of these annotations: org.springframework.data.redis.core.RedisHash (preferred), or consider extending one of the following types with your repository: org.springframework.data.keyvalue.repository.KeyValueRepository
2026-07-27 15:42:27.579  INFO --- [restartedMain] .RepositoryConfigurationExtensionSupport :
        Spring Data Redis - Could not safely identify store assignment for repository candidate interface com.api.rizz.portfolio_api.repository.ProjectRepository; If you want this repository to be a Redis repository, consider annotating your entities with one of these annotations: org.springframework.data.redis.core.RedisHash (preferred), or consider extending one of the following types with your repository: org.springframework.data.keyvalue.repository.KeyValueRepository
2026-07-27 15:42:27.579  INFO --- [restartedMain] .RepositoryConfigurationExtensionSupport :
        Spring Data Redis - Could not safely identify store assignment for repository candidate interface com.api.rizz.portfolio_api.repository.UseRepository; If you want this repository to be a Redis repository, consider annotating your entities with one of these annotations: org.springframework.data.redis.core.RedisHash (preferred), or consider extending one of the following types with your repository: org.springframework.data.keyvalue.repository.KeyValueRepository
2026-07-27 15:42:27.579  INFO --- [restartedMain] .RepositoryConfigurationExtensionSupport :
        Spring Data Redis - Could not safely identify store assignment for repository candidate interface com.api.rizz.portfolio_api.repository.UserRepository; If you want this repository to be a Redis repository, consider annotating your entities with one of these annotations: org.springframework.data.redis.core.RedisHash (preferred), or consider extending one of the following types with your repository: org.springframework.data.keyvalue.repository.KeyValueRepository
2026-07-27 15:42:27.579  INFO --- [restartedMain] .s.d.r.c.RepositoryConfigurationDelegate :
        Finished Spring Data repository scanning in 3 ms. Found 0 Redis repository interfaces.
2026-07-27 15:42:27.650  INFO --- [restartedMain] o.s.boot.tomcat.TomcatWebServer          :
        Tomcat initialized with port 8080 (http)
2026-07-27 15:42:27.651  INFO --- [restartedMain] o.apache.catalina.core.StandardService   :
        Starting service [Tomcat]
2026-07-27 15:42:27.651  INFO --- [restartedMain] o.apache.catalina.core.StandardEngine    :
        Starting Servlet engine: [Apache Tomcat/11.0.22]
2026-07-27 15:42:27.693  INFO --- [restartedMain] b.w.c.s.WebApplicationContextInitializer :
        Root WebApplicationContext: initialization completed in 270 ms
2026-07-27 15:42:27.788  INFO --- [restartedMain] com.zaxxer.hikari.HikariDataSource       :
        HikariPool-11 - Starting...
2026-07-27 15:42:30.427  INFO --- [restartedMain] com.zaxxer.hikari.pool.HikariPool        :
        HikariPool-11 - Added connection org.postgresql.jdbc.PgConnection@6b86415f
2026-07-27 15:42:30.427  INFO --- [restartedMain] com.zaxxer.hikari.HikariDataSource       :
        HikariPool-11 - Start completed.
2026-07-27 15:42:30.523  INFO --- [restartedMain] org.flywaydb.core.FlywayExecutor         :
        Database: jdbc:postgresql://ep-divine-meadow-ao56u82a-pooler.c-2.ap-southeast-1.aws.neon.tech/neondb?user=neondb_owner&password=********&sslmode=require&channelBinding=require (PostgreSQL 18.4)
2026-07-27 15:42:33.499  INFO --- [restartedMain] o.f.core.internal.command.DbValidate     :
        Successfully validated 6 migrations (execution time 00:01.594s)
2026-07-27 15:42:35.175  INFO --- [restartedMain] o.f.core.internal.command.DbMigrate      :
        Current version of schema "public": 6
2026-07-27 15:42:35.394  INFO --- [restartedMain] o.f.core.internal.command.DbMigrate      :
        Schema "public" is up to date. No migration necessary.
2026-07-27 15:42:35.773  INFO --- [restartedMain] org.hibernate.orm.jpa                    :
        HHH008540: Processing PersistenceUnitInfo [name: default]
2026-07-27 15:42:35.790  INFO --- [restartedMain] o.s.o.j.p.SpringPersistenceUnitInfo      :
        No LoadTimeWeaver setup: ignoring JPA class transformer
2026-07-27 15:42:36.116  INFO --- [restartedMain] org.hibernate.orm.connections.pooling    :
        HHH10001005: Database info:
	Database JDBC URL [jdbc:postgresql://ep-divine-meadow-ao56u82a-pooler.c-2.ap-southeast-1.aws.neon.tech/neondb?user=neondb_owner&password=npg_JNezHr24wRvm&sslmode=require&channelBinding=require]
	Database driver: PostgreSQL JDBC Driver
	Database dialect: PostgreSQLDialect
	Database version: 18.4
	Default catalog/schema: neondb/public
	Autocommit mode: undefined/unknown
	Isolation level: READ_COMMITTED [default READ_COMMITTED]
	JDBC fetch size: none
	Pool: DataSourceConnectionProvider
	Minimum pool size: undefined/unknown
	Maximum pool size: undefined/unknown
2026-07-27 15:42:36.182  INFO --- [restartedMain] org.hibernate.orm.core                   :
        HHH000489: No JTA platform available (set 'hibernate.transaction.jta.platform' to enable JTA platform integration)
2026-07-27 15:42:36.183  INFO --- [restartedMain] j.LocalContainerEntityManagerFactoryBean :
        Initialized JPA EntityManagerFactory for persistence unit 'default'
2026-07-27 15:42:36.215  INFO --- [restartedMain] eAuthenticationProviderManagerConfigurer :
        Global AuthenticationManager configured with AuthenticationProvider bean with name authenticationProvider
2026-07-27 15:42:36.215  WARN --- [restartedMain] r$InitializeUserDetailsManagerConfigurer :
        Global AuthenticationManager configured with an AuthenticationProvider bean. UserDetailsService beans will not be used by Spring Security for automatically configuring username/password login. Consider removing the AuthenticationProvider bean. Alternatively, consider using the UserDetailsService in a manually instantiated DaoAuthenticationProvider. If the current configuration is intentional, to turn off this warning, increase the logging level of 'org.springframework.security.config.annotation.authentication.configuration.InitializeUserDetailsBeanManagerConfigurer' to ERROR
2026-07-27 15:42:36.305 DEBUG --- [restartedMain] o.s.s.web.DefaultSecurityFilterChain     :
        Will secure any request with filters: DisableEncodeUrlFilter, WebAsyncManagerIntegrationFilter, SecurityContextHolderFilter, HeaderWriterFilter, LogoutFilter, JwtAuthFilter, RequestCacheAwareFilter, SecurityContextHolderAwareRequestFilter, AnonymousAuthenticationFilter, SessionManagementFilter, ExceptionTranslationFilter, AuthorizationFilter
2026-07-27 15:42:36.377  INFO --- [restartedMain] o.s.b.a.e.web.EndpointLinksResolver      :
        Exposing 1 endpoint beneath base path '/actuator'
2026-07-27 15:42:36.388  INFO --- [restartedMain] o.s.boot.tomcat.TomcatWebServer          :
        Tomcat started on port 8080 (http) with context path '/api/v1'
2026-07-27 15:42:36.390  INFO --- [restartedMain] c.a.r.p.PortfolioApiApplication          :
        Started PortfolioApiApplication in 8.987 seconds (process running for 288.994)
2026-07-27 15:42:36.391  INFO --- [restartedMain] c.a.r.p.seeder.DatabaseSeeder            :
        Mengeksekusi isolasi seeder untuk environment development...
2026-07-27 15:42:36.751  INFO --- [restartedMain] c.a.r.p.seeder.ProjectSeeder             :
        Projects table has already have a data. Skipping seeding for project entity.
2026-07-27 15:42:36.941  INFO --- [restartedMain] c.a.r.p.seeder.ExperienceSeeder          :
        Experiences table has already have a data. Skipping seeding for experience entity.
2026-07-27 15:42:37.037  INFO --- [restartedMain] c.a.r.portfolio_api.seeder.BlogSeeder    :
        Blogs table has already have a data. Skipping seeding for blog entity.
2026-07-27 15:42:37.239  INFO --- [restartedMain] c.a.rizz.portfolio_api.seeder.UseSeeder  :
        Uses table has already have a data. Skipping seeding for use entity.
2026-07-27 15:42:37.239  INFO --- [restartedMain] c.a.r.p.seeder.DatabaseSeeder            :
        Seluruh mock data berhasil diinjeksi.
2026-07-27 15:42:37.240  INFO --- [restartedMain] .ConditionEvaluationDeltaLoggingListener :
        Condition evaluation unchanged
2026-07-27 15:42:38.204  INFO --- [File Watcher] rtingClassPathChangeChangedEventListener :
        Restarting due to 2 class path changes (0 additions, 0 deletions, 2 modifications)
2026-07-27 15:42:38.205  INFO --- [Thread-41] o.s.boot.tomcat.GracefulShutdown         :
        Commencing graceful shutdown. Waiting for active requests to complete
2026-07-27 15:42:38.209  INFO --- [tomcat-shutdown] o.s.boot.tomcat.GracefulShutdown         :
        Graceful shutdown complete
2026-07-27 15:42:38.214  INFO --- [Thread-41] j.LocalContainerEntityManagerFactoryBean :
        Closing JPA EntityManagerFactory for persistence unit 'default'
2026-07-27 15:42:38.215  INFO --- [Thread-41] com.zaxxer.hikari.HikariDataSource       :
        HikariPool-11 - Shutdown initiated...
2026-07-27 15:42:38.742  INFO --- [Thread-41] com.zaxxer.hikari.HikariDataSource       :
        HikariPool-11 - Shutdown completed.
2026-07-27 15:42:38.885  INFO --- [restartedMain] c.a.r.p.PortfolioApiApplication          :
        Starting PortfolioApiApplication using Java 25.0.3 with PID 23752 (D:\kodingan\personal\portfolio-api\target\classes started by fujiy in D:\kodingan\personal\portfolio-api)
2026-07-27 15:42:38.885  INFO --- [restartedMain] c.a.r.p.PortfolioApiApplication          :
        The following 1 profile is active: "dev"
2026-07-27 15:42:39.010  INFO --- [restartedMain] .s.d.r.c.RepositoryConfigurationDelegate :
        Multiple Spring Data modules found, entering strict repository configuration mode
2026-07-27 15:42:39.010  INFO --- [restartedMain] .s.d.r.c.RepositoryConfigurationDelegate :
        Bootstrapping Spring Data JPA repositories in DEFAULT mode.
2026-07-27 15:42:39.023  INFO --- [restartedMain] .s.d.r.c.RepositoryConfigurationDelegate :
        Finished Spring Data repository scanning in 12 ms. Found 6 JPA repository interfaces.
2026-07-27 15:42:39.028  INFO --- [restartedMain] .s.d.r.c.RepositoryConfigurationDelegate :
        Multiple Spring Data modules found, entering strict repository configuration mode
2026-07-27 15:42:39.028  INFO --- [restartedMain] .s.d.r.c.RepositoryConfigurationDelegate :
        Bootstrapping Spring Data Redis repositories in DEFAULT mode.
2026-07-27 15:42:39.031  INFO --- [restartedMain] .RepositoryConfigurationExtensionSupport :
        Spring Data Redis - Could not safely identify store assignment for repository candidate interface com.api.rizz.portfolio_api.repository.BlogAttachmentRepository; If you want this repository to be a Redis repository, consider annotating your entities with one of these annotations: org.springframework.data.redis.core.RedisHash (preferred), or consider extending one of the following types with your repository: org.springframework.data.keyvalue.repository.KeyValueRepository
2026-07-27 15:42:39.031  INFO --- [restartedMain] .RepositoryConfigurationExtensionSupport :
        Spring Data Redis - Could not safely identify store assignment for repository candidate interface com.api.rizz.portfolio_api.repository.BlogRepository; If you want this repository to be a Redis repository, consider annotating your entities with one of these annotations: org.springframework.data.redis.core.RedisHash (preferred), or consider extending one of the following types with your repository: org.springframework.data.keyvalue.repository.KeyValueRepository
2026-07-27 15:42:39.031  INFO --- [restartedMain] .RepositoryConfigurationExtensionSupport :
        Spring Data Redis - Could not safely identify store assignment for repository candidate interface com.api.rizz.portfolio_api.repository.ExperienceRepository; If you want this repository to be a Redis repository, consider annotating your entities with one of these annotations: org.springframework.data.redis.core.RedisHash (preferred), or consider extending one of the following types with your repository: org.springframework.data.keyvalue.repository.KeyValueRepository
2026-07-27 15:42:39.031  INFO --- [restartedMain] .RepositoryConfigurationExtensionSupport :
        Spring Data Redis - Could not safely identify store assignment for repository candidate interface com.api.rizz.portfolio_api.repository.ProjectRepository; If you want this repository to be a Redis repository, consider annotating your entities with one of these annotations: org.springframework.data.redis.core.RedisHash (preferred), or consider extending one of the following types with your repository: org.springframework.data.keyvalue.repository.KeyValueRepository
2026-07-27 15:42:39.031  INFO --- [restartedMain] .RepositoryConfigurationExtensionSupport :
        Spring Data Redis - Could not safely identify store assignment for repository candidate interface com.api.rizz.portfolio_api.repository.UseRepository; If you want this repository to be a Redis repository, consider annotating your entities with one of these annotations: org.springframework.data.redis.core.RedisHash (preferred), or consider extending one of the following types with your repository: org.springframework.data.keyvalue.repository.KeyValueRepository
2026-07-27 15:42:39.031  INFO --- [restartedMain] .RepositoryConfigurationExtensionSupport :
        Spring Data Redis - Could not safely identify store assignment for repository candidate interface com.api.rizz.portfolio_api.repository.UserRepository; If you want this repository to be a Redis repository, consider annotating your entities with one of these annotations: org.springframework.data.redis.core.RedisHash (preferred), or consider extending one of the following types with your repository: org.springframework.data.keyvalue.repository.KeyValueRepository
2026-07-27 15:42:39.031  INFO --- [restartedMain] .s.d.r.c.RepositoryConfigurationDelegate :
        Finished Spring Data repository scanning in 2 ms. Found 0 Redis repository interfaces.
2026-07-27 15:42:39.091  INFO --- [restartedMain] o.s.boot.tomcat.TomcatWebServer          :
        Tomcat initialized with port 8080 (http)
2026-07-27 15:42:39.092  INFO --- [restartedMain] o.apache.catalina.core.StandardService   :
        Starting service [Tomcat]
2026-07-27 15:42:39.092  INFO --- [restartedMain] o.apache.catalina.core.StandardEngine    :
        Starting Servlet engine: [Apache Tomcat/11.0.22]
2026-07-27 15:42:39.107  INFO --- [restartedMain] b.w.c.s.WebApplicationContextInitializer :
        Root WebApplicationContext: initialization completed in 221 ms
2026-07-27 15:42:39.138  INFO --- [restartedMain] com.zaxxer.hikari.HikariDataSource       :
        HikariPool-12 - Starting...
2026-07-27 15:42:43.164  INFO --- [restartedMain] com.zaxxer.hikari.pool.HikariPool        :
        HikariPool-12 - Added connection org.postgresql.jdbc.PgConnection@1226bf2c
2026-07-27 15:42:43.165  INFO --- [restartedMain] com.zaxxer.hikari.HikariDataSource       :
        HikariPool-12 - Start completed.
2026-07-27 15:42:43.574  INFO --- [restartedMain] org.flywaydb.core.FlywayExecutor         :
        Database: jdbc:postgresql://ep-divine-meadow-ao56u82a-pooler.c-2.ap-southeast-1.aws.neon.tech/neondb?user=neondb_owner&password=********&sslmode=require&channelBinding=require (PostgreSQL 18.4)
2026-07-27 15:42:47.070  INFO --- [restartedMain] o.f.core.internal.command.DbValidate     :
        Successfully validated 6 migrations (execution time 00:01.077s)
2026-07-27 15:42:47.749  INFO --- [restartedMain] o.f.core.internal.command.DbMigrate      :
        Current version of schema "public": 6
2026-07-27 15:42:47.787  INFO --- [restartedMain] o.f.core.internal.command.DbMigrate      :
        Schema "public" is up to date. No migration necessary.
2026-07-27 15:42:48.077  INFO --- [restartedMain] org.hibernate.orm.jpa                    :
        HHH008540: Processing PersistenceUnitInfo [name: default]
2026-07-27 15:42:48.092  INFO --- [restartedMain] o.s.o.j.p.SpringPersistenceUnitInfo      :
        No LoadTimeWeaver setup: ignoring JPA class transformer
2026-07-27 15:42:48.339  INFO --- [restartedMain] org.hibernate.orm.connections.pooling    :
        HHH10001005: Database info:
	Database JDBC URL [jdbc:postgresql://ep-divine-meadow-ao56u82a-pooler.c-2.ap-southeast-1.aws.neon.tech/neondb?user=neondb_owner&password=npg_JNezHr24wRvm&sslmode=require&channelBinding=require]
	Database driver: PostgreSQL JDBC Driver
	Database dialect: PostgreSQLDialect
	Database version: 18.4
	Default catalog/schema: neondb/public
	Autocommit mode: undefined/unknown
	Isolation level: READ_COMMITTED [default READ_COMMITTED]
	JDBC fetch size: none
	Pool: DataSourceConnectionProvider
	Minimum pool size: undefined/unknown
	Maximum pool size: undefined/unknown
2026-07-27 15:42:48.403  INFO --- [restartedMain] org.hibernate.orm.core                   :
        HHH000489: No JTA platform available (set 'hibernate.transaction.jta.platform' to enable JTA platform integration)
2026-07-27 15:42:48.404  INFO --- [restartedMain] j.LocalContainerEntityManagerFactoryBean :
        Initialized JPA EntityManagerFactory for persistence unit 'default'
2026-07-27 15:42:48.435  INFO --- [restartedMain] eAuthenticationProviderManagerConfigurer :
        Global AuthenticationManager configured with AuthenticationProvider bean with name authenticationProvider
2026-07-27 15:42:48.435  WARN --- [restartedMain] r$InitializeUserDetailsManagerConfigurer :
        Global AuthenticationManager configured with an AuthenticationProvider bean. UserDetailsService beans will not be used by Spring Security for automatically configuring username/password login. Consider removing the AuthenticationProvider bean. Alternatively, consider using the UserDetailsService in a manually instantiated DaoAuthenticationProvider. If the current configuration is intentional, to turn off this warning, increase the logging level of 'org.springframework.security.config.annotation.authentication.configuration.InitializeUserDetailsBeanManagerConfigurer' to ERROR
2026-07-27 15:42:48.518 DEBUG --- [restartedMain] o.s.s.web.DefaultSecurityFilterChain     :
        Will secure any request with filters: DisableEncodeUrlFilter, WebAsyncManagerIntegrationFilter, SecurityContextHolderFilter, HeaderWriterFilter, LogoutFilter, JwtAuthFilter, RequestCacheAwareFilter, SecurityContextHolderAwareRequestFilter, AnonymousAuthenticationFilter, SessionManagementFilter, ExceptionTranslationFilter, AuthorizationFilter
2026-07-27 15:42:48.592  INFO --- [restartedMain] o.s.b.a.e.web.EndpointLinksResolver      :
        Exposing 1 endpoint beneath base path '/actuator'
2026-07-27 15:42:48.602  INFO --- [restartedMain] o.s.boot.tomcat.TomcatWebServer          :
        Tomcat started on port 8080 (http) with context path '/api/v1'
2026-07-27 15:42:48.604  INFO --- [restartedMain] c.a.r.p.PortfolioApiApplication          :
        Started PortfolioApiApplication in 9.781 seconds (process running for 301.208)
2026-07-27 15:42:48.605  INFO --- [restartedMain] c.a.r.p.seeder.DatabaseSeeder            :
        Mengeksekusi isolasi seeder untuk environment development...
2026-07-27 15:42:48.683  INFO --- [restartedMain] c.a.r.p.seeder.ProjectSeeder             :
        Projects table has already have a data. Skipping seeding for project entity.
2026-07-27 15:42:48.788  INFO --- [restartedMain] c.a.r.p.seeder.ExperienceSeeder          :
        Experiences table has already have a data. Skipping seeding for experience entity.
2026-07-27 15:42:48.866  INFO --- [restartedMain] c.a.r.portfolio_api.seeder.BlogSeeder    :
        Blogs table has already have a data. Skipping seeding for blog entity.
2026-07-27 15:42:48.971  INFO --- [restartedMain] c.a.rizz.portfolio_api.seeder.UseSeeder  :
        Uses table has already have a data. Skipping seeding for use entity.
2026-07-27 15:42:48.971  INFO --- [restartedMain] c.a.r.p.seeder.DatabaseSeeder            :
        Seluruh mock data berhasil diinjeksi.
2026-07-27 15:42:48.972  INFO --- [restartedMain] .ConditionEvaluationDeltaLoggingListener :
        Condition evaluation unchanged
2026-07-27 15:43:00.236  INFO --- [File Watcher] rtingClassPathChangeChangedEventListener :
        Restarting due to 1 class path change (0 additions, 0 deletions, 1 modification)
2026-07-27 15:43:00.237  INFO --- [Thread-45] o.s.boot.tomcat.GracefulShutdown         :
        Commencing graceful shutdown. Waiting for active requests to complete
2026-07-27 15:43:00.240  INFO --- [tomcat-shutdown] o.s.boot.tomcat.GracefulShutdown         :
        Graceful shutdown complete
2026-07-27 15:43:00.244  INFO --- [Thread-45] j.LocalContainerEntityManagerFactoryBean :
        Closing JPA EntityManagerFactory for persistence unit 'default'
2026-07-27 15:43:00.245  INFO --- [Thread-45] com.zaxxer.hikari.HikariDataSource       :
        HikariPool-12 - Shutdown initiated...
2026-07-27 15:43:01.253  INFO --- [Thread-45] com.zaxxer.hikari.HikariDataSource       :
        HikariPool-12 - Shutdown completed.
2026-07-27 15:43:01.346  INFO --- [restartedMain] c.a.r.p.PortfolioApiApplication          :
        Starting PortfolioApiApplication using Java 25.0.3 with PID 23752 (D:\kodingan\personal\portfolio-api\target\classes started by fujiy in D:\kodingan\personal\portfolio-api)
2026-07-27 15:43:01.347  INFO --- [restartedMain] c.a.r.p.PortfolioApiApplication          :
        The following 1 profile is active: "dev"
2026-07-27 15:43:01.519  INFO --- [restartedMain] .s.d.r.c.RepositoryConfigurationDelegate :
        Multiple Spring Data modules found, entering strict repository configuration mode
2026-07-27 15:43:01.520  INFO --- [restartedMain] .s.d.r.c.RepositoryConfigurationDelegate :
        Bootstrapping Spring Data JPA repositories in DEFAULT mode.
2026-07-27 15:43:01.544  INFO --- [restartedMain] .s.d.r.c.RepositoryConfigurationDelegate :
        Finished Spring Data repository scanning in 22 ms. Found 6 JPA repository interfaces.
2026-07-27 15:43:01.552  INFO --- [restartedMain] .s.d.r.c.RepositoryConfigurationDelegate :
        Multiple Spring Data modules found, entering strict repository configuration mode
2026-07-27 15:43:01.553  INFO --- [restartedMain] .s.d.r.c.RepositoryConfigurationDelegate :
        Bootstrapping Spring Data Redis repositories in DEFAULT mode.
2026-07-27 15:43:01.563  INFO --- [restartedMain] .RepositoryConfigurationExtensionSupport :
        Spring Data Redis - Could not safely identify store assignment for repository candidate interface com.api.rizz.portfolio_api.repository.BlogAttachmentRepository; If you want this repository to be a Redis repository, consider annotating your entities with one of these annotations: org.springframework.data.redis.core.RedisHash (preferred), or consider extending one of the following types with your repository: org.springframework.data.keyvalue.repository.KeyValueRepository
2026-07-27 15:43:01.564  INFO --- [restartedMain] .RepositoryConfigurationExtensionSupport :
        Spring Data Redis - Could not safely identify store assignment for repository candidate interface com.api.rizz.portfolio_api.repository.BlogRepository; If you want this repository to be a Redis repository, consider annotating your entities with one of these annotations: org.springframework.data.redis.core.RedisHash (preferred), or consider extending one of the following types with your repository: org.springframework.data.keyvalue.repository.KeyValueRepository
2026-07-27 15:43:01.565  INFO --- [restartedMain] .RepositoryConfigurationExtensionSupport :
        Spring Data Redis - Could not safely identify store assignment for repository candidate interface com.api.rizz.portfolio_api.repository.ExperienceRepository; If you want this repository to be a Redis repository, consider annotating your entities with one of these annotations: org.springframework.data.redis.core.RedisHash (preferred), or consider extending one of the following types with your repository: org.springframework.data.keyvalue.repository.KeyValueRepository
2026-07-27 15:43:01.565  INFO --- [restartedMain] .RepositoryConfigurationExtensionSupport :
        Spring Data Redis - Could not safely identify store assignment for repository candidate interface com.api.rizz.portfolio_api.repository.ProjectRepository; If you want this repository to be a Redis repository, consider annotating your entities with one of these annotations: org.springframework.data.redis.core.RedisHash (preferred), or consider extending one of the following types with your repository: org.springframework.data.keyvalue.repository.KeyValueRepository
2026-07-27 15:43:01.570  INFO --- [restartedMain] .RepositoryConfigurationExtensionSupport :
        Spring Data Redis - Could not safely identify store assignment for repository candidate interface com.api.rizz.portfolio_api.repository.UseRepository; If you want this repository to be a Redis repository, consider annotating your entities with one of these annotations: org.springframework.data.redis.core.RedisHash (preferred), or consider extending one of the following types with your repository: org.springframework.data.keyvalue.repository.KeyValueRepository
2026-07-27 15:43:01.574  INFO --- [restartedMain] .RepositoryConfigurationExtensionSupport :
        Spring Data Redis - Could not safely identify store assignment for repository candidate interface com.api.rizz.portfolio_api.repository.UserRepository; If you want this repository to be a Redis repository, consider annotating your entities with one of these annotations: org.springframework.data.redis.core.RedisHash (preferred), or consider extending one of the following types with your repository: org.springframework.data.keyvalue.repository.KeyValueRepository
2026-07-27 15:43:01.576  INFO --- [restartedMain] .s.d.r.c.RepositoryConfigurationDelegate :
        Finished Spring Data repository scanning in 19 ms. Found 0 Redis repository interfaces.
2026-07-27 15:43:01.678  INFO --- [restartedMain] o.s.boot.tomcat.TomcatWebServer          :
        Tomcat initialized with port 8080 (http)
2026-07-27 15:43:01.679  INFO --- [restartedMain] o.apache.catalina.core.StandardService   :
        Starting service [Tomcat]
2026-07-27 15:43:01.679  INFO --- [restartedMain] o.apache.catalina.core.StandardEngine    :
        Starting Servlet engine: [Apache Tomcat/11.0.22]
2026-07-27 15:43:01.710  INFO --- [restartedMain] b.w.c.s.WebApplicationContextInitializer :
        Root WebApplicationContext: initialization completed in 363 ms
2026-07-27 15:43:01.768  INFO --- [restartedMain] com.zaxxer.hikari.HikariDataSource       :
        HikariPool-13 - Starting...
2026-07-27 15:43:02.485  INFO --- [restartedMain] com.zaxxer.hikari.pool.HikariPool        :
        HikariPool-13 - Added connection org.postgresql.jdbc.PgConnection@8694dbe
2026-07-27 15:43:02.486  INFO --- [restartedMain] com.zaxxer.hikari.HikariDataSource       :
        HikariPool-13 - Start completed.
2026-07-27 15:43:02.588  INFO --- [restartedMain] org.flywaydb.core.FlywayExecutor         :
        Database: jdbc:postgresql://ep-divine-meadow-ao56u82a-pooler.c-2.ap-southeast-1.aws.neon.tech/neondb?user=neondb_owner&password=********&sslmode=require&channelBinding=require (PostgreSQL 18.4)
2026-07-27 15:43:03.410  INFO --- [restartedMain] o.f.core.internal.command.DbValidate     :
        Successfully validated 6 migrations (execution time 00:00.206s)
2026-07-27 15:43:04.334  INFO --- [restartedMain] o.f.core.internal.command.DbMigrate      :
        Current version of schema "public": 6
2026-07-27 15:43:04.460  INFO --- [restartedMain] o.f.core.internal.command.DbMigrate      :
        Schema "public" is up to date. No migration necessary.
2026-07-27 15:43:04.798  INFO --- [restartedMain] org.hibernate.orm.jpa                    :
        HHH008540: Processing PersistenceUnitInfo [name: default]
2026-07-27 15:43:04.814  INFO --- [restartedMain] o.s.o.j.p.SpringPersistenceUnitInfo      :
        No LoadTimeWeaver setup: ignoring JPA class transformer
2026-07-27 15:43:05.123  INFO --- [restartedMain] org.hibernate.orm.connections.pooling    :
        HHH10001005: Database info:
	Database JDBC URL [jdbc:postgresql://ep-divine-meadow-ao56u82a-pooler.c-2.ap-southeast-1.aws.neon.tech/neondb?user=neondb_owner&password=npg_JNezHr24wRvm&sslmode=require&channelBinding=require]
	Database driver: PostgreSQL JDBC Driver
	Database dialect: PostgreSQLDialect
	Database version: 18.4
	Default catalog/schema: neondb/public
	Autocommit mode: undefined/unknown
	Isolation level: READ_COMMITTED [default READ_COMMITTED]
	JDBC fetch size: none
	Pool: DataSourceConnectionProvider
	Minimum pool size: undefined/unknown
	Maximum pool size: undefined/unknown
2026-07-27 15:43:05.208  INFO --- [restartedMain] org.hibernate.orm.core                   :
        HHH000489: No JTA platform available (set 'hibernate.transaction.jta.platform' to enable JTA platform integration)
2026-07-27 15:43:05.209  INFO --- [restartedMain] j.LocalContainerEntityManagerFactoryBean :
        Initialized JPA EntityManagerFactory for persistence unit 'default'
2026-07-27 15:43:05.256  INFO --- [restartedMain] eAuthenticationProviderManagerConfigurer :
        Global AuthenticationManager configured with AuthenticationProvider bean with name authenticationProvider
2026-07-27 15:43:05.257  WARN --- [restartedMain] r$InitializeUserDetailsManagerConfigurer :
        Global AuthenticationManager configured with an AuthenticationProvider bean. UserDetailsService beans will not be used by Spring Security for automatically configuring username/password login. Consider removing the AuthenticationProvider bean. Alternatively, consider using the UserDetailsService in a manually instantiated DaoAuthenticationProvider. If the current configuration is intentional, to turn off this warning, increase the logging level of 'org.springframework.security.config.annotation.authentication.configuration.InitializeUserDetailsBeanManagerConfigurer' to ERROR
2026-07-27 15:43:05.376 DEBUG --- [restartedMain] o.s.s.web.DefaultSecurityFilterChain     :
        Will secure any request with filters: DisableEncodeUrlFilter, WebAsyncManagerIntegrationFilter, SecurityContextHolderFilter, HeaderWriterFilter, LogoutFilter, JwtAuthFilter, RequestCacheAwareFilter, SecurityContextHolderAwareRequestFilter, AnonymousAuthenticationFilter, SessionManagementFilter, ExceptionTranslationFilter, AuthorizationFilter
2026-07-27 15:43:05.494  INFO --- [restartedMain] o.s.b.a.e.web.EndpointLinksResolver      :
        Exposing 1 endpoint beneath base path '/actuator'
2026-07-27 15:43:05.508  INFO --- [restartedMain] o.s.boot.tomcat.TomcatWebServer          :
        Tomcat started on port 8080 (http) with context path '/api/v1'
2026-07-27 15:43:05.511  INFO --- [restartedMain] c.a.r.p.PortfolioApiApplication          :
        Started PortfolioApiApplication in 4.179 seconds (process running for 318.115)
2026-07-27 15:43:05.511  INFO --- [restartedMain] c.a.r.p.seeder.DatabaseSeeder            :
        Mengeksekusi isolasi seeder untuk environment development...
2026-07-27 15:43:05.622  INFO --- [restartedMain] c.a.r.p.seeder.ProjectSeeder             :
        Projects table has already have a data. Skipping seeding for project entity.
2026-07-27 15:43:05.865  INFO --- [restartedMain] c.a.r.p.seeder.ExperienceSeeder          :
        Experiences table has already have a data. Skipping seeding for experience entity.
2026-07-27 15:43:05.941  INFO --- [restartedMain] c.a.r.portfolio_api.seeder.BlogSeeder    :
        Blogs table has already have a data. Skipping seeding for blog entity.
2026-07-27 15:43:06.031  INFO --- [restartedMain] c.a.rizz.portfolio_api.seeder.UseSeeder  :
        Uses table has already have a data. Skipping seeding for use entity.
2026-07-27 15:43:06.031  INFO --- [restartedMain] c.a.r.p.seeder.DatabaseSeeder            :
        Seluruh mock data berhasil diinjeksi.
2026-07-27 15:43:06.032  INFO --- [restartedMain] .ConditionEvaluationDeltaLoggingListener :
        Condition evaluation unchanged
2026-07-27 15:43:06.919  INFO --- [File Watcher] rtingClassPathChangeChangedEventListener :
        Restarting due to 2 class path changes (0 additions, 0 deletions, 2 modifications)
2026-07-27 15:43:06.928  INFO --- [Thread-49] o.s.boot.tomcat.GracefulShutdown         :
        Commencing graceful shutdown. Waiting for active requests to complete
2026-07-27 15:43:07.010  INFO --- [tomcat-shutdown] o.s.boot.tomcat.GracefulShutdown         :
        Graceful shutdown complete
2026-07-27 15:43:07.015  INFO --- [Thread-49] j.LocalContainerEntityManagerFactoryBean :
        Closing JPA EntityManagerFactory for persistence unit 'default'
2026-07-27 15:43:07.016  INFO --- [Thread-49] com.zaxxer.hikari.HikariDataSource       :
        HikariPool-13 - Shutdown initiated...
2026-07-27 15:43:07.772  INFO --- [Thread-49] com.zaxxer.hikari.HikariDataSource       :
        HikariPool-13 - Shutdown completed.
2026-07-27 15:43:07.882  INFO --- [restartedMain] c.a.r.p.PortfolioApiApplication          :
        Starting PortfolioApiApplication using Java 25.0.3 with PID 23752 (D:\kodingan\personal\portfolio-api\target\classes started by fujiy in D:\kodingan\personal\portfolio-api)
2026-07-27 15:43:07.882  INFO --- [restartedMain] c.a.r.p.PortfolioApiApplication          :
        The following 1 profile is active: "dev"
2026-07-27 15:43:08.007  INFO --- [restartedMain] .s.d.r.c.RepositoryConfigurationDelegate :
        Multiple Spring Data modules found, entering strict repository configuration mode
2026-07-27 15:43:08.007  INFO --- [restartedMain] .s.d.r.c.RepositoryConfigurationDelegate :
        Bootstrapping Spring Data JPA repositories in DEFAULT mode.
2026-07-27 15:43:08.022  INFO --- [restartedMain] .s.d.r.c.RepositoryConfigurationDelegate :
        Finished Spring Data repository scanning in 14 ms. Found 6 JPA repository interfaces.
2026-07-27 15:43:08.025  INFO --- [restartedMain] .s.d.r.c.RepositoryConfigurationDelegate :
        Multiple Spring Data modules found, entering strict repository configuration mode
2026-07-27 15:43:08.025  INFO --- [restartedMain] .s.d.r.c.RepositoryConfigurationDelegate :
        Bootstrapping Spring Data Redis repositories in DEFAULT mode.
2026-07-27 15:43:08.028  INFO --- [restartedMain] .RepositoryConfigurationExtensionSupport :
        Spring Data Redis - Could not safely identify store assignment for repository candidate interface com.api.rizz.portfolio_api.repository.BlogAttachmentRepository; If you want this repository to be a Redis repository, consider annotating your entities with one of these annotations: org.springframework.data.redis.core.RedisHash (preferred), or consider extending one of the following types with your repository: org.springframework.data.keyvalue.repository.KeyValueRepository
2026-07-27 15:43:08.028  INFO --- [restartedMain] .RepositoryConfigurationExtensionSupport :
        Spring Data Redis - Could not safely identify store assignment for repository candidate interface com.api.rizz.portfolio_api.repository.BlogRepository; If you want this repository to be a Redis repository, consider annotating your entities with one of these annotations: org.springframework.data.redis.core.RedisHash (preferred), or consider extending one of the following types with your repository: org.springframework.data.keyvalue.repository.KeyValueRepository
2026-07-27 15:43:08.028  INFO --- [restartedMain] .RepositoryConfigurationExtensionSupport :
        Spring Data Redis - Could not safely identify store assignment for repository candidate interface com.api.rizz.portfolio_api.repository.ExperienceRepository; If you want this repository to be a Redis repository, consider annotating your entities with one of these annotations: org.springframework.data.redis.core.RedisHash (preferred), or consider extending one of the following types with your repository: org.springframework.data.keyvalue.repository.KeyValueRepository
2026-07-27 15:43:08.028  INFO --- [restartedMain] .RepositoryConfigurationExtensionSupport :
        Spring Data Redis - Could not safely identify store assignment for repository candidate interface com.api.rizz.portfolio_api.repository.ProjectRepository; If you want this repository to be a Redis repository, consider annotating your entities with one of these annotations: org.springframework.data.redis.core.RedisHash (preferred), or consider extending one of the following types with your repository: org.springframework.data.keyvalue.repository.KeyValueRepository
2026-07-27 15:43:08.028  INFO --- [restartedMain] .RepositoryConfigurationExtensionSupport :
        Spring Data Redis - Could not safely identify store assignment for repository candidate interface com.api.rizz.portfolio_api.repository.UseRepository; If you want this repository to be a Redis repository, consider annotating your entities with one of these annotations: org.springframework.data.redis.core.RedisHash (preferred), or consider extending one of the following types with your repository: org.springframework.data.keyvalue.repository.KeyValueRepository
2026-07-27 15:43:08.028  INFO --- [restartedMain] .RepositoryConfigurationExtensionSupport :
        Spring Data Redis - Could not safely identify store assignment for repository candidate interface com.api.rizz.portfolio_api.repository.UserRepository; If you want this repository to be a Redis repository, consider annotating your entities with one of these annotations: org.springframework.data.redis.core.RedisHash (preferred), or consider extending one of the following types with your repository: org.springframework.data.keyvalue.repository.KeyValueRepository
2026-07-27 15:43:08.028  INFO --- [restartedMain] .s.d.r.c.RepositoryConfigurationDelegate :
        Finished Spring Data repository scanning in 3 ms. Found 0 Redis repository interfaces.
2026-07-27 15:43:08.129  INFO --- [restartedMain] o.s.boot.tomcat.TomcatWebServer          :
        Tomcat initialized with port 8080 (http)
2026-07-27 15:43:08.129  INFO --- [restartedMain] o.apache.catalina.core.StandardService   :
        Starting service [Tomcat]
2026-07-27 15:43:08.129  INFO --- [restartedMain] o.apache.catalina.core.StandardEngine    :
        Starting Servlet engine: [Apache Tomcat/11.0.22]
2026-07-27 15:43:08.146  INFO --- [restartedMain] b.w.c.s.WebApplicationContextInitializer :
        Root WebApplicationContext: initialization completed in 263 ms
2026-07-27 15:43:08.171  INFO --- [restartedMain] com.zaxxer.hikari.HikariDataSource       :
        HikariPool-14 - Starting...
2026-07-27 15:43:08.772  INFO --- [restartedMain] com.zaxxer.hikari.pool.HikariPool        :
        HikariPool-14 - Added connection org.postgresql.jdbc.PgConnection@609c9b9f
2026-07-27 15:43:08.772  INFO --- [restartedMain] com.zaxxer.hikari.HikariDataSource       :
        HikariPool-14 - Start completed.
2026-07-27 15:43:08.813  INFO --- [restartedMain] org.flywaydb.core.FlywayExecutor         :
        Database: jdbc:postgresql://ep-divine-meadow-ao56u82a-pooler.c-2.ap-southeast-1.aws.neon.tech/neondb?user=neondb_owner&password=********&sslmode=require&channelBinding=require (PostgreSQL 18.4)
2026-07-27 15:43:09.419  INFO --- [restartedMain] o.f.core.internal.command.DbValidate     :
        Successfully validated 6 migrations (execution time 00:00.184s)
2026-07-27 15:43:10.027  INFO --- [restartedMain] o.f.core.internal.command.DbMigrate      :
        Current version of schema "public": 6
2026-07-27 15:43:10.192  INFO --- [restartedMain] o.f.core.internal.command.DbMigrate      :
        Schema "public" is up to date. No migration necessary.
2026-07-27 15:43:10.455  INFO --- [restartedMain] org.hibernate.orm.jpa                    :
        HHH008540: Processing PersistenceUnitInfo [name: default]
2026-07-27 15:43:10.473  INFO --- [restartedMain] o.s.o.j.p.SpringPersistenceUnitInfo      :
        No LoadTimeWeaver setup: ignoring JPA class transformer
2026-07-27 15:43:10.856  INFO --- [restartedMain] org.hibernate.orm.connections.pooling    :
        HHH10001005: Database info:
	Database JDBC URL [jdbc:postgresql://ep-divine-meadow-ao56u82a-pooler.c-2.ap-southeast-1.aws.neon.tech/neondb?user=neondb_owner&password=npg_JNezHr24wRvm&sslmode=require&channelBinding=require]
	Database driver: PostgreSQL JDBC Driver
	Database dialect: PostgreSQLDialect
	Database version: 18.4
	Default catalog/schema: neondb/public
	Autocommit mode: undefined/unknown
	Isolation level: READ_COMMITTED [default READ_COMMITTED]
	JDBC fetch size: none
	Pool: DataSourceConnectionProvider
	Minimum pool size: undefined/unknown
	Maximum pool size: undefined/unknown
2026-07-27 15:43:10.941  INFO --- [restartedMain] org.hibernate.orm.core                   :
        HHH000489: No JTA platform available (set 'hibernate.transaction.jta.platform' to enable JTA platform integration)
2026-07-27 15:43:10.941  INFO --- [restartedMain] j.LocalContainerEntityManagerFactoryBean :
        Initialized JPA EntityManagerFactory for persistence unit 'default'
2026-07-27 15:43:10.992  INFO --- [restartedMain] eAuthenticationProviderManagerConfigurer :
        Global AuthenticationManager configured with AuthenticationProvider bean with name authenticationProvider
2026-07-27 15:43:10.992  WARN --- [restartedMain] r$InitializeUserDetailsManagerConfigurer :
        Global AuthenticationManager configured with an AuthenticationProvider bean. UserDetailsService beans will not be used by Spring Security for automatically configuring username/password login. Consider removing the AuthenticationProvider bean. Alternatively, consider using the UserDetailsService in a manually instantiated DaoAuthenticationProvider. If the current configuration is intentional, to turn off this warning, increase the logging level of 'org.springframework.security.config.annotation.authentication.configuration.InitializeUserDetailsBeanManagerConfigurer' to ERROR
2026-07-27 15:43:11.105 DEBUG --- [restartedMain] o.s.s.web.DefaultSecurityFilterChain     :
        Will secure any request with filters: DisableEncodeUrlFilter, WebAsyncManagerIntegrationFilter, SecurityContextHolderFilter, HeaderWriterFilter, LogoutFilter, JwtAuthFilter, RequestCacheAwareFilter, SecurityContextHolderAwareRequestFilter, AnonymousAuthenticationFilter, SessionManagementFilter, ExceptionTranslationFilter, AuthorizationFilter
2026-07-27 15:43:11.193  INFO --- [restartedMain] o.s.b.a.e.web.EndpointLinksResolver      :
        Exposing 1 endpoint beneath base path '/actuator'
2026-07-27 15:43:11.204  INFO --- [restartedMain] o.s.boot.tomcat.TomcatWebServer          :
        Tomcat started on port 8080 (http) with context path '/api/v1'
2026-07-27 15:43:11.207  INFO --- [restartedMain] c.a.r.p.PortfolioApiApplication          :
        Started PortfolioApiApplication in 3.346 seconds (process running for 323.811)
2026-07-27 15:43:11.207  INFO --- [restartedMain] c.a.r.p.seeder.DatabaseSeeder            :
        Mengeksekusi isolasi seeder untuk environment development...
2026-07-27 15:43:11.433  INFO --- [restartedMain] c.a.r.p.seeder.ProjectSeeder             :
        Projects table has already have a data. Skipping seeding for project entity.
2026-07-27 15:43:11.636  INFO --- [restartedMain] c.a.r.p.seeder.ExperienceSeeder          :
        Experiences table has already have a data. Skipping seeding for experience entity.
2026-07-27 15:43:11.782  INFO --- [restartedMain] c.a.r.portfolio_api.seeder.BlogSeeder    :
        Blogs table has already have a data. Skipping seeding for blog entity.
2026-07-27 15:43:11.940  INFO --- [restartedMain] c.a.rizz.portfolio_api.seeder.UseSeeder  :
        Uses table has already have a data. Skipping seeding for use entity.
2026-07-27 15:43:11.940  INFO --- [restartedMain] c.a.r.p.seeder.DatabaseSeeder            :
        Seluruh mock data berhasil diinjeksi.
2026-07-27 15:43:11.940  INFO --- [restartedMain] .ConditionEvaluationDeltaLoggingListener :
        Condition evaluation unchanged
2026-07-27 15:43:12.636  INFO --- [File Watcher] rtingClassPathChangeChangedEventListener :
        Restarting due to 2 class path changes (0 additions, 0 deletions, 2 modifications)
2026-07-27 15:43:12.638  INFO --- [Thread-53] o.s.boot.tomcat.GracefulShutdown         :
        Commencing graceful shutdown. Waiting for active requests to complete
2026-07-27 15:43:12.643  INFO --- [tomcat-shutdown] o.s.boot.tomcat.GracefulShutdown         :
        Graceful shutdown complete
2026-07-27 15:43:12.654  INFO --- [Thread-53] j.LocalContainerEntityManagerFactoryBean :
        Closing JPA EntityManagerFactory for persistence unit 'default'
2026-07-27 15:43:12.654  INFO --- [Thread-53] com.zaxxer.hikari.HikariDataSource       :
        HikariPool-14 - Shutdown initiated...
2026-07-27 15:43:13.110  INFO --- [Thread-53] com.zaxxer.hikari.HikariDataSource       :
        HikariPool-14 - Shutdown completed.
2026-07-27 15:43:13.232  INFO --- [restartedMain] c.a.r.p.PortfolioApiApplication          :
        Starting PortfolioApiApplication using Java 25.0.3 with PID 23752 (D:\kodingan\personal\portfolio-api\target\classes started by fujiy in D:\kodingan\personal\portfolio-api)
2026-07-27 15:43:13.233  INFO --- [restartedMain] c.a.r.p.PortfolioApiApplication          :
        The following 1 profile is active: "dev"
2026-07-27 15:43:13.431  INFO --- [restartedMain] .s.d.r.c.RepositoryConfigurationDelegate :
        Multiple Spring Data modules found, entering strict repository configuration mode
2026-07-27 15:43:13.431  INFO --- [restartedMain] .s.d.r.c.RepositoryConfigurationDelegate :
        Bootstrapping Spring Data JPA repositories in DEFAULT mode.
2026-07-27 15:43:13.446  INFO --- [restartedMain] .s.d.r.c.RepositoryConfigurationDelegate :
        Finished Spring Data repository scanning in 14 ms. Found 6 JPA repository interfaces.
2026-07-27 15:43:13.450  INFO --- [restartedMain] .s.d.r.c.RepositoryConfigurationDelegate :
        Multiple Spring Data modules found, entering strict repository configuration mode
2026-07-27 15:43:13.450  INFO --- [restartedMain] .s.d.r.c.RepositoryConfigurationDelegate :
        Bootstrapping Spring Data Redis repositories in DEFAULT mode.
2026-07-27 15:43:13.454  INFO --- [restartedMain] .RepositoryConfigurationExtensionSupport :
        Spring Data Redis - Could not safely identify store assignment for repository candidate interface com.api.rizz.portfolio_api.repository.BlogAttachmentRepository; If you want this repository to be a Redis repository, consider annotating your entities with one of these annotations: org.springframework.data.redis.core.RedisHash (preferred), or consider extending one of the following types with your repository: org.springframework.data.keyvalue.repository.KeyValueRepository
2026-07-27 15:43:13.454  INFO --- [restartedMain] .RepositoryConfigurationExtensionSupport :
        Spring Data Redis - Could not safely identify store assignment for repository candidate interface com.api.rizz.portfolio_api.repository.BlogRepository; If you want this repository to be a Redis repository, consider annotating your entities with one of these annotations: org.springframework.data.redis.core.RedisHash (preferred), or consider extending one of the following types with your repository: org.springframework.data.keyvalue.repository.KeyValueRepository
2026-07-27 15:43:13.454  INFO --- [restartedMain] .RepositoryConfigurationExtensionSupport :
        Spring Data Redis - Could not safely identify store assignment for repository candidate interface com.api.rizz.portfolio_api.repository.ExperienceRepository; If you want this repository to be a Redis repository, consider annotating your entities with one of these annotations: org.springframework.data.redis.core.RedisHash (preferred), or consider extending one of the following types with your repository: org.springframework.data.keyvalue.repository.KeyValueRepository
2026-07-27 15:43:13.454  INFO --- [restartedMain] .RepositoryConfigurationExtensionSupport :
        Spring Data Redis - Could not safely identify store assignment for repository candidate interface com.api.rizz.portfolio_api.repository.ProjectRepository; If you want this repository to be a Redis repository, consider annotating your entities with one of these annotations: org.springframework.data.redis.core.RedisHash (preferred), or consider extending one of the following types with your repository: org.springframework.data.keyvalue.repository.KeyValueRepository
2026-07-27 15:43:13.454  INFO --- [restartedMain] .RepositoryConfigurationExtensionSupport :
        Spring Data Redis - Could not safely identify store assignment for repository candidate interface com.api.rizz.portfolio_api.repository.UseRepository; If you want this repository to be a Redis repository, consider annotating your entities with one of these annotations: org.springframework.data.redis.core.RedisHash (preferred), or consider extending one of the following types with your repository: org.springframework.data.keyvalue.repository.KeyValueRepository
2026-07-27 15:43:13.455  INFO --- [restartedMain] .RepositoryConfigurationExtensionSupport :
        Spring Data Redis - Could not safely identify store assignment for repository candidate interface com.api.rizz.portfolio_api.repository.UserRepository; If you want this repository to be a Redis repository, consider annotating your entities with one of these annotations: org.springframework.data.redis.core.RedisHash (preferred), or consider extending one of the following types with your repository: org.springframework.data.keyvalue.repository.KeyValueRepository
2026-07-27 15:43:13.455  INFO --- [restartedMain] .s.d.r.c.RepositoryConfigurationDelegate :
        Finished Spring Data repository scanning in 3 ms. Found 0 Redis repository interfaces.
2026-07-27 15:43:13.534  INFO --- [restartedMain] o.s.boot.tomcat.TomcatWebServer          :
        Tomcat initialized with port 8080 (http)
2026-07-27 15:43:13.535  INFO --- [restartedMain] o.apache.catalina.core.StandardService   :
        Starting service [Tomcat]
2026-07-27 15:43:13.535  INFO --- [restartedMain] o.apache.catalina.core.StandardEngine    :
        Starting Servlet engine: [Apache Tomcat/11.0.22]
2026-07-27 15:43:13.563  INFO --- [restartedMain] b.w.c.s.WebApplicationContextInitializer :
        Root WebApplicationContext: initialization completed in 329 ms
2026-07-27 15:43:13.604  INFO --- [restartedMain] com.zaxxer.hikari.HikariDataSource       :
        HikariPool-15 - Starting...
2026-07-27 15:43:14.656  INFO --- [restartedMain] com.zaxxer.hikari.pool.HikariPool        :
        HikariPool-15 - Added connection org.postgresql.jdbc.PgConnection@6bc4c235
2026-07-27 15:43:14.656  INFO --- [restartedMain] com.zaxxer.hikari.HikariDataSource       :
        HikariPool-15 - Start completed.
2026-07-27 15:43:14.715  INFO --- [restartedMain] org.flywaydb.core.FlywayExecutor         :
        Database: jdbc:postgresql://ep-divine-meadow-ao56u82a-pooler.c-2.ap-southeast-1.aws.neon.tech/neondb?user=neondb_owner&password=********&sslmode=require&channelBinding=require (PostgreSQL 18.4)
2026-07-27 15:43:15.846  INFO --- [restartedMain] o.f.core.internal.command.DbValidate     :
        Successfully validated 6 migrations (execution time 00:00.412s)
2026-07-27 15:43:17.286  INFO --- [restartedMain] o.f.core.internal.command.DbMigrate      :
        Current version of schema "public": 6
2026-07-27 15:43:17.390  INFO --- [restartedMain] o.f.core.internal.command.DbMigrate      :
        Schema "public" is up to date. No migration necessary.
2026-07-27 15:43:17.855  INFO --- [restartedMain] org.hibernate.orm.jpa                    :
        HHH008540: Processing PersistenceUnitInfo [name: default]
2026-07-27 15:43:17.882  INFO --- [restartedMain] o.s.o.j.p.SpringPersistenceUnitInfo      :
        No LoadTimeWeaver setup: ignoring JPA class transformer
2026-07-27 15:43:18.432  INFO --- [restartedMain] org.hibernate.orm.connections.pooling    :
        HHH10001005: Database info:
	Database JDBC URL [jdbc:postgresql://ep-divine-meadow-ao56u82a-pooler.c-2.ap-southeast-1.aws.neon.tech/neondb?user=neondb_owner&password=npg_JNezHr24wRvm&sslmode=require&channelBinding=require]
	Database driver: PostgreSQL JDBC Driver
	Database dialect: PostgreSQLDialect
	Database version: 18.4
	Default catalog/schema: neondb/public
	Autocommit mode: undefined/unknown
	Isolation level: READ_COMMITTED [default READ_COMMITTED]
	JDBC fetch size: none
	Pool: DataSourceConnectionProvider
	Minimum pool size: undefined/unknown
	Maximum pool size: undefined/unknown
2026-07-27 15:43:18.530  INFO --- [restartedMain] org.hibernate.orm.core                   :
        HHH000489: No JTA platform available (set 'hibernate.transaction.jta.platform' to enable JTA platform integration)
2026-07-27 15:43:18.531  INFO --- [restartedMain] j.LocalContainerEntityManagerFactoryBean :
        Initialized JPA EntityManagerFactory for persistence unit 'default'
2026-07-27 15:43:18.578  INFO --- [restartedMain] eAuthenticationProviderManagerConfigurer :
        Global AuthenticationManager configured with AuthenticationProvider bean with name authenticationProvider
2026-07-27 15:43:18.578  WARN --- [restartedMain] r$InitializeUserDetailsManagerConfigurer :
        Global AuthenticationManager configured with an AuthenticationProvider bean. UserDetailsService beans will not be used by Spring Security for automatically configuring username/password login. Consider removing the AuthenticationProvider bean. Alternatively, consider using the UserDetailsService in a manually instantiated DaoAuthenticationProvider. If the current configuration is intentional, to turn off this warning, increase the logging level of 'org.springframework.security.config.annotation.authentication.configuration.InitializeUserDetailsBeanManagerConfigurer' to ERROR
2026-07-27 15:43:18.689 DEBUG --- [restartedMain] o.s.s.web.DefaultSecurityFilterChain     :
        Will secure any request with filters: DisableEncodeUrlFilter, WebAsyncManagerIntegrationFilter, SecurityContextHolderFilter, HeaderWriterFilter, LogoutFilter, JwtAuthFilter, RequestCacheAwareFilter, SecurityContextHolderAwareRequestFilter, AnonymousAuthenticationFilter, SessionManagementFilter, ExceptionTranslationFilter, AuthorizationFilter
2026-07-27 15:43:18.788  INFO --- [restartedMain] o.s.b.a.e.web.EndpointLinksResolver      :
        Exposing 1 endpoint beneath base path '/actuator'
2026-07-27 15:43:18.804  INFO --- [restartedMain] o.s.boot.tomcat.TomcatWebServer          :
        Tomcat started on port 8080 (http) with context path '/api/v1'
2026-07-27 15:43:18.807  INFO --- [restartedMain] c.a.r.p.PortfolioApiApplication          :
        Started PortfolioApiApplication in 5.603 seconds (process running for 331.411)
2026-07-27 15:43:18.808  INFO --- [restartedMain] c.a.r.p.seeder.DatabaseSeeder            :
        Mengeksekusi isolasi seeder untuk environment development...
2026-07-27 15:43:18.931  INFO --- [restartedMain] c.a.r.p.seeder.ProjectSeeder             :
        Projects table has already have a data. Skipping seeding for project entity.
2026-07-27 15:43:19.091  INFO --- [restartedMain] c.a.r.p.seeder.ExperienceSeeder          :
        Experiences table has already have a data. Skipping seeding for experience entity.
2026-07-27 15:43:19.175  INFO --- [restartedMain] c.a.r.portfolio_api.seeder.BlogSeeder    :
        Blogs table has already have a data. Skipping seeding for blog entity.
2026-07-27 15:43:19.281  INFO --- [restartedMain] c.a.rizz.portfolio_api.seeder.UseSeeder  :
        Uses table has already have a data. Skipping seeding for use entity.
2026-07-27 15:43:19.281  INFO --- [restartedMain] c.a.r.p.seeder.DatabaseSeeder            :
        Seluruh mock data berhasil diinjeksi.
2026-07-27 15:43:19.282  INFO --- [restartedMain] .ConditionEvaluationDeltaLoggingListener :
        Condition evaluation unchanged
2026-07-27 15:43:20.652  INFO --- [File Watcher] rtingClassPathChangeChangedEventListener :
        Restarting due to 2 class path changes (0 additions, 0 deletions, 2 modifications)
2026-07-27 15:43:20.654  INFO --- [Thread-57] o.s.boot.tomcat.GracefulShutdown         :
        Commencing graceful shutdown. Waiting for active requests to complete
2026-07-27 15:43:20.657  INFO --- [tomcat-shutdown] o.s.boot.tomcat.GracefulShutdown         :
        Graceful shutdown complete
2026-07-27 15:43:20.663  INFO --- [Thread-57] j.LocalContainerEntityManagerFactoryBean :
        Closing JPA EntityManagerFactory for persistence unit 'default'
2026-07-27 15:43:20.664  INFO --- [Thread-57] com.zaxxer.hikari.HikariDataSource       :
        HikariPool-15 - Shutdown initiated...
2026-07-27 15:43:21.190  INFO --- [Thread-57] com.zaxxer.hikari.HikariDataSource       :
        HikariPool-15 - Shutdown completed.
2026-07-27 15:43:21.275  INFO --- [restartedMain] c.a.r.p.PortfolioApiApplication          :
        Starting PortfolioApiApplication using Java 25.0.3 with PID 23752 (D:\kodingan\personal\portfolio-api\target\classes started by fujiy in D:\kodingan\personal\portfolio-api)
2026-07-27 15:43:21.276  INFO --- [restartedMain] c.a.r.p.PortfolioApiApplication          :
        The following 1 profile is active: "dev"
2026-07-27 15:43:21.474  INFO --- [restartedMain] .s.d.r.c.RepositoryConfigurationDelegate :
        Multiple Spring Data modules found, entering strict repository configuration mode
2026-07-27 15:43:21.475  INFO --- [restartedMain] .s.d.r.c.RepositoryConfigurationDelegate :
        Bootstrapping Spring Data JPA repositories in DEFAULT mode.
2026-07-27 15:43:21.487  INFO --- [restartedMain] .s.d.r.c.RepositoryConfigurationDelegate :
        Finished Spring Data repository scanning in 11 ms. Found 6 JPA repository interfaces.
2026-07-27 15:43:21.492  INFO --- [restartedMain] .s.d.r.c.RepositoryConfigurationDelegate :
        Multiple Spring Data modules found, entering strict repository configuration mode
2026-07-27 15:43:21.493  INFO --- [restartedMain] .s.d.r.c.RepositoryConfigurationDelegate :
        Bootstrapping Spring Data Redis repositories in DEFAULT mode.
2026-07-27 15:43:21.496  INFO --- [restartedMain] .RepositoryConfigurationExtensionSupport :
        Spring Data Redis - Could not safely identify store assignment for repository candidate interface com.api.rizz.portfolio_api.repository.BlogAttachmentRepository; If you want this repository to be a Redis repository, consider annotating your entities with one of these annotations: org.springframework.data.redis.core.RedisHash (preferred), or consider extending one of the following types with your repository: org.springframework.data.keyvalue.repository.KeyValueRepository
2026-07-27 15:43:21.497  INFO --- [restartedMain] .RepositoryConfigurationExtensionSupport :
        Spring Data Redis - Could not safely identify store assignment for repository candidate interface com.api.rizz.portfolio_api.repository.BlogRepository; If you want this repository to be a Redis repository, consider annotating your entities with one of these annotations: org.springframework.data.redis.core.RedisHash (preferred), or consider extending one of the following types with your repository: org.springframework.data.keyvalue.repository.KeyValueRepository
2026-07-27 15:43:21.497  INFO --- [restartedMain] .RepositoryConfigurationExtensionSupport :
        Spring Data Redis - Could not safely identify store assignment for repository candidate interface com.api.rizz.portfolio_api.repository.ExperienceRepository; If you want this repository to be a Redis repository, consider annotating your entities with one of these annotations: org.springframework.data.redis.core.RedisHash (preferred), or consider extending one of the following types with your repository: org.springframework.data.keyvalue.repository.KeyValueRepository
2026-07-27 15:43:21.497  INFO --- [restartedMain] .RepositoryConfigurationExtensionSupport :
        Spring Data Redis - Could not safely identify store assignment for repository candidate interface com.api.rizz.portfolio_api.repository.ProjectRepository; If you want this repository to be a Redis repository, consider annotating your entities with one of these annotations: org.springframework.data.redis.core.RedisHash (preferred), or consider extending one of the following types with your repository: org.springframework.data.keyvalue.repository.KeyValueRepository
2026-07-27 15:43:21.497  INFO --- [restartedMain] .RepositoryConfigurationExtensionSupport :
        Spring Data Redis - Could not safely identify store assignment for repository candidate interface com.api.rizz.portfolio_api.repository.UseRepository; If you want this repository to be a Redis repository, consider annotating your entities with one of these annotations: org.springframework.data.redis.core.RedisHash (preferred), or consider extending one of the following types with your repository: org.springframework.data.keyvalue.repository.KeyValueRepository
2026-07-27 15:43:21.497  INFO --- [restartedMain] .RepositoryConfigurationExtensionSupport :
        Spring Data Redis - Could not safely identify store assignment for repository candidate interface com.api.rizz.portfolio_api.repository.UserRepository; If you want this repository to be a Redis repository, consider annotating your entities with one of these annotations: org.springframework.data.redis.core.RedisHash (preferred), or consider extending one of the following types with your repository: org.springframework.data.keyvalue.repository.KeyValueRepository
2026-07-27 15:43:21.497  INFO --- [restartedMain] .s.d.r.c.RepositoryConfigurationDelegate :
        Finished Spring Data repository scanning in 3 ms. Found 0 Redis repository interfaces.
2026-07-27 15:43:21.579  INFO --- [restartedMain] o.s.boot.tomcat.TomcatWebServer          :
        Tomcat initialized with port 8080 (http)
2026-07-27 15:43:21.579  INFO --- [restartedMain] o.apache.catalina.core.StandardService   :
        Starting service [Tomcat]
2026-07-27 15:43:21.580  INFO --- [restartedMain] o.apache.catalina.core.StandardEngine    :
        Starting Servlet engine: [Apache Tomcat/11.0.22]
2026-07-27 15:43:21.606  INFO --- [restartedMain] b.w.c.s.WebApplicationContextInitializer :
        Root WebApplicationContext: initialization completed in 329 ms
2026-07-27 15:43:21.641  INFO --- [restartedMain] com.zaxxer.hikari.HikariDataSource       :
        HikariPool-16 - Starting...
2026-07-27 15:43:22.424  INFO --- [restartedMain] com.zaxxer.hikari.pool.HikariPool        :
        HikariPool-16 - Added connection org.postgresql.jdbc.PgConnection@1d42533f
2026-07-27 15:43:22.424  INFO --- [restartedMain] com.zaxxer.hikari.HikariDataSource       :
        HikariPool-16 - Start completed.
2026-07-27 15:43:22.527  INFO --- [restartedMain] org.flywaydb.core.FlywayExecutor         :
        Database: jdbc:postgresql://ep-divine-meadow-ao56u82a-pooler.c-2.ap-southeast-1.aws.neon.tech/neondb?user=neondb_owner&password=********&sslmode=require&channelBinding=require (PostgreSQL 18.4)
2026-07-27 15:43:23.863  INFO --- [restartedMain] o.f.core.internal.command.DbValidate     :
        Successfully validated 6 migrations (execution time 00:00.308s)
2026-07-27 15:43:24.997  INFO --- [restartedMain] o.f.core.internal.command.DbMigrate      :
        Current version of schema "public": 6
2026-07-27 15:43:25.039  INFO --- [restartedMain] o.f.core.internal.command.DbMigrate      :
        Schema "public" is up to date. No migration necessary.
2026-07-27 15:43:25.357  INFO --- [restartedMain] org.hibernate.orm.jpa                    :
        HHH008540: Processing PersistenceUnitInfo [name: default]
2026-07-27 15:43:25.370  INFO --- [restartedMain] o.s.o.j.p.SpringPersistenceUnitInfo      :
        No LoadTimeWeaver setup: ignoring JPA class transformer
2026-07-27 15:43:25.595  INFO --- [restartedMain] org.hibernate.orm.connections.pooling    :
        HHH10001005: Database info:
	Database JDBC URL [jdbc:postgresql://ep-divine-meadow-ao56u82a-pooler.c-2.ap-southeast-1.aws.neon.tech/neondb?user=neondb_owner&password=npg_JNezHr24wRvm&sslmode=require&channelBinding=require]
	Database driver: PostgreSQL JDBC Driver
	Database dialect: PostgreSQLDialect
	Database version: 18.4
	Default catalog/schema: neondb/public
	Autocommit mode: undefined/unknown
	Isolation level: READ_COMMITTED [default READ_COMMITTED]
	JDBC fetch size: none
	Pool: DataSourceConnectionProvider
	Minimum pool size: undefined/unknown
	Maximum pool size: undefined/unknown
2026-07-27 15:43:25.779  INFO --- [restartedMain] org.hibernate.orm.core                   :
        HHH000489: No JTA platform available (set 'hibernate.transaction.jta.platform' to enable JTA platform integration)
2026-07-27 15:43:25.779  INFO --- [restartedMain] j.LocalContainerEntityManagerFactoryBean :
        Initialized JPA EntityManagerFactory for persistence unit 'default'
2026-07-27 15:43:25.820  INFO --- [restartedMain] eAuthenticationProviderManagerConfigurer :
        Global AuthenticationManager configured with AuthenticationProvider bean with name authenticationProvider
2026-07-27 15:43:25.820  WARN --- [restartedMain] r$InitializeUserDetailsManagerConfigurer :
        Global AuthenticationManager configured with an AuthenticationProvider bean. UserDetailsService beans will not be used by Spring Security for automatically configuring username/password login. Consider removing the AuthenticationProvider bean. Alternatively, consider using the UserDetailsService in a manually instantiated DaoAuthenticationProvider. If the current configuration is intentional, to turn off this warning, increase the logging level of 'org.springframework.security.config.annotation.authentication.configuration.InitializeUserDetailsBeanManagerConfigurer' to ERROR
2026-07-27 15:43:25.911 DEBUG --- [restartedMain] o.s.s.web.DefaultSecurityFilterChain     :
        Will secure any request with filters: DisableEncodeUrlFilter, WebAsyncManagerIntegrationFilter, SecurityContextHolderFilter, HeaderWriterFilter, LogoutFilter, JwtAuthFilter, RequestCacheAwareFilter, SecurityContextHolderAwareRequestFilter, AnonymousAuthenticationFilter, SessionManagementFilter, ExceptionTranslationFilter, AuthorizationFilter
2026-07-27 15:43:25.994  INFO --- [restartedMain] o.s.b.a.e.web.EndpointLinksResolver      :
        Exposing 1 endpoint beneath base path '/actuator'
2026-07-27 15:43:26.006  INFO --- [restartedMain] o.s.boot.tomcat.TomcatWebServer          :
        Tomcat started on port 8080 (http) with context path '/api/v1'
2026-07-27 15:43:26.008  INFO --- [restartedMain] c.a.r.p.PortfolioApiApplication          :
        Started PortfolioApiApplication in 4.746 seconds (process running for 338.613)
2026-07-27 15:43:26.009  INFO --- [restartedMain] c.a.r.p.seeder.DatabaseSeeder            :
        Mengeksekusi isolasi seeder untuk environment development...
2026-07-27 15:43:26.239  INFO --- [restartedMain] c.a.r.p.seeder.ProjectSeeder             :
        Projects table has already have a data. Skipping seeding for project entity.
2026-07-27 15:43:26.432  INFO --- [restartedMain] c.a.r.p.seeder.ExperienceSeeder          :
        Experiences table has already have a data. Skipping seeding for experience entity.
2026-07-27 15:43:26.637  INFO --- [restartedMain] c.a.r.portfolio_api.seeder.BlogSeeder    :
        Blogs table has already have a data. Skipping seeding for blog entity.
2026-07-27 15:43:26.953  INFO --- [restartedMain] c.a.rizz.portfolio_api.seeder.UseSeeder  :
        Uses table has already have a data. Skipping seeding for use entity.
2026-07-27 15:43:26.954  INFO --- [restartedMain] c.a.r.p.seeder.DatabaseSeeder            :
        Seluruh mock data berhasil diinjeksi.
2026-07-27 15:43:26.954  INFO --- [restartedMain] .ConditionEvaluationDeltaLoggingListener :
        Condition evaluation unchanged
2026-07-27 15:43:27.431  INFO --- [File Watcher] rtingClassPathChangeChangedEventListener :
        Restarting due to 1 class path change (0 additions, 0 deletions, 1 modification)
2026-07-27 15:43:27.432  INFO --- [Thread-61] o.s.boot.tomcat.GracefulShutdown         :
        Commencing graceful shutdown. Waiting for active requests to complete
2026-07-27 15:43:27.436  INFO --- [tomcat-shutdown] o.s.boot.tomcat.GracefulShutdown         :
        Graceful shutdown complete
2026-07-27 15:43:27.442  INFO --- [Thread-61] j.LocalContainerEntityManagerFactoryBean :
        Closing JPA EntityManagerFactory for persistence unit 'default'
2026-07-27 15:43:27.442  INFO --- [Thread-61] com.zaxxer.hikari.HikariDataSource       :
        HikariPool-16 - Shutdown initiated...
2026-07-27 15:43:28.488  INFO --- [Thread-61] com.zaxxer.hikari.HikariDataSource       :
        HikariPool-16 - Shutdown completed.
2026-07-27 15:43:28.570  INFO --- [restartedMain] c.a.r.p.PortfolioApiApplication          :
        Starting PortfolioApiApplication using Java 25.0.3 with PID 23752 (D:\kodingan\personal\portfolio-api\target\classes started by fujiy in D:\kodingan\personal\portfolio-api)
2026-07-27 15:43:28.570  INFO --- [restartedMain] c.a.r.p.PortfolioApiApplication          :
        The following 1 profile is active: "dev"
2026-07-27 15:43:28.670  INFO --- [restartedMain] .s.d.r.c.RepositoryConfigurationDelegate :
        Multiple Spring Data modules found, entering strict repository configuration mode
2026-07-27 15:43:28.671  INFO --- [restartedMain] .s.d.r.c.RepositoryConfigurationDelegate :
        Bootstrapping Spring Data JPA repositories in DEFAULT mode.
2026-07-27 15:43:28.690  INFO --- [restartedMain] .s.d.r.c.RepositoryConfigurationDelegate :
        Finished Spring Data repository scanning in 18 ms. Found 6 JPA repository interfaces.
2026-07-27 15:43:28.695  INFO --- [restartedMain] .s.d.r.c.RepositoryConfigurationDelegate :
        Multiple Spring Data modules found, entering strict repository configuration mode
2026-07-27 15:43:28.695  INFO --- [restartedMain] .s.d.r.c.RepositoryConfigurationDelegate :
        Bootstrapping Spring Data Redis repositories in DEFAULT mode.
2026-07-27 15:43:28.703  INFO --- [restartedMain] .RepositoryConfigurationExtensionSupport :
        Spring Data Redis - Could not safely identify store assignment for repository candidate interface com.api.rizz.portfolio_api.repository.BlogAttachmentRepository; If you want this repository to be a Redis repository, consider annotating your entities with one of these annotations: org.springframework.data.redis.core.RedisHash (preferred), or consider extending one of the following types with your repository: org.springframework.data.keyvalue.repository.KeyValueRepository
2026-07-27 15:43:28.705  INFO --- [restartedMain] .RepositoryConfigurationExtensionSupport :
        Spring Data Redis - Could not safely identify store assignment for repository candidate interface com.api.rizz.portfolio_api.repository.BlogRepository; If you want this repository to be a Redis repository, consider annotating your entities with one of these annotations: org.springframework.data.redis.core.RedisHash (preferred), or consider extending one of the following types with your repository: org.springframework.data.keyvalue.repository.KeyValueRepository
2026-07-27 15:43:28.705  INFO --- [restartedMain] .RepositoryConfigurationExtensionSupport :
        Spring Data Redis - Could not safely identify store assignment for repository candidate interface com.api.rizz.portfolio_api.repository.ExperienceRepository; If you want this repository to be a Redis repository, consider annotating your entities with one of these annotations: org.springframework.data.redis.core.RedisHash (preferred), or consider extending one of the following types with your repository: org.springframework.data.keyvalue.repository.KeyValueRepository
2026-07-27 15:43:28.706  INFO --- [restartedMain] .RepositoryConfigurationExtensionSupport :
        Spring Data Redis - Could not safely identify store assignment for repository candidate interface com.api.rizz.portfolio_api.repository.ProjectRepository; If you want this repository to be a Redis repository, consider annotating your entities with one of these annotations: org.springframework.data.redis.core.RedisHash (preferred), or consider extending one of the following types with your repository: org.springframework.data.keyvalue.repository.KeyValueRepository
2026-07-27 15:43:28.706  INFO --- [restartedMain] .RepositoryConfigurationExtensionSupport :
        Spring Data Redis - Could not safely identify store assignment for repository candidate interface com.api.rizz.portfolio_api.repository.UseRepository; If you want this repository to be a Redis repository, consider annotating your entities with one of these annotations: org.springframework.data.redis.core.RedisHash (preferred), or consider extending one of the following types with your repository: org.springframework.data.keyvalue.repository.KeyValueRepository
2026-07-27 15:43:28.706  INFO --- [restartedMain] .RepositoryConfigurationExtensionSupport :
        Spring Data Redis - Could not safely identify store assignment for repository candidate interface com.api.rizz.portfolio_api.repository.UserRepository; If you want this repository to be a Redis repository, consider annotating your entities with one of these annotations: org.springframework.data.redis.core.RedisHash (preferred), or consider extending one of the following types with your repository: org.springframework.data.keyvalue.repository.KeyValueRepository
2026-07-27 15:43:28.706  INFO --- [restartedMain] .s.d.r.c.RepositoryConfigurationDelegate :
        Finished Spring Data repository scanning in 7 ms. Found 0 Redis repository interfaces.
2026-07-27 15:43:28.763  INFO --- [restartedMain] o.s.boot.tomcat.TomcatWebServer          :
        Tomcat initialized with port 8080 (http)
2026-07-27 15:43:28.764  INFO --- [restartedMain] o.apache.catalina.core.StandardService   :
        Starting service [Tomcat]
2026-07-27 15:43:28.764  INFO --- [restartedMain] o.apache.catalina.core.StandardEngine    :
        Starting Servlet engine: [Apache Tomcat/11.0.22]
2026-07-27 15:43:28.783  INFO --- [restartedMain] b.w.c.s.WebApplicationContextInitializer :
        Root WebApplicationContext: initialization completed in 212 ms
2026-07-27 15:43:28.809  INFO --- [restartedMain] com.zaxxer.hikari.HikariDataSource       :
        HikariPool-17 - Starting...
2026-07-27 15:43:29.563  INFO --- [restartedMain] com.zaxxer.hikari.pool.HikariPool        :
        HikariPool-17 - Added connection org.postgresql.jdbc.PgConnection@7f95a9a1
2026-07-27 15:43:29.563  INFO --- [restartedMain] com.zaxxer.hikari.HikariDataSource       :
        HikariPool-17 - Start completed.
2026-07-27 15:43:29.619  INFO --- [restartedMain] org.flywaydb.core.FlywayExecutor         :
        Database: jdbc:postgresql://ep-divine-meadow-ao56u82a-pooler.c-2.ap-southeast-1.aws.neon.tech/neondb?user=neondb_owner&password=********&sslmode=require&channelBinding=require (PostgreSQL 18.4)
2026-07-27 15:43:30.580  INFO --- [restartedMain] o.f.core.internal.command.DbValidate     :
        Successfully validated 6 migrations (execution time 00:00.241s)
2026-07-27 15:43:31.521  INFO --- [restartedMain] o.f.core.internal.command.DbMigrate      :
        Current version of schema "public": 6
2026-07-27 15:43:31.572  INFO --- [restartedMain] o.f.core.internal.command.DbMigrate      :
        Schema "public" is up to date. No migration necessary.
2026-07-27 15:43:31.889  INFO --- [restartedMain] org.hibernate.orm.jpa                    :
        HHH008540: Processing PersistenceUnitInfo [name: default]
2026-07-27 15:43:31.900  INFO --- [restartedMain] o.s.o.j.p.SpringPersistenceUnitInfo      :
        No LoadTimeWeaver setup: ignoring JPA class transformer
2026-07-27 15:43:32.291  INFO --- [restartedMain] org.hibernate.orm.connections.pooling    :
        HHH10001005: Database info:
	Database JDBC URL [jdbc:postgresql://ep-divine-meadow-ao56u82a-pooler.c-2.ap-southeast-1.aws.neon.tech/neondb?user=neondb_owner&password=npg_JNezHr24wRvm&sslmode=require&channelBinding=require]
	Database driver: PostgreSQL JDBC Driver
	Database dialect: PostgreSQLDialect
	Database version: 18.4
	Default catalog/schema: neondb/public
	Autocommit mode: undefined/unknown
	Isolation level: READ_COMMITTED [default READ_COMMITTED]
	JDBC fetch size: none
	Pool: DataSourceConnectionProvider
	Minimum pool size: undefined/unknown
	Maximum pool size: undefined/unknown
2026-07-27 15:43:32.363  INFO --- [restartedMain] org.hibernate.orm.core                   :
        HHH000489: No JTA platform available (set 'hibernate.transaction.jta.platform' to enable JTA platform integration)
2026-07-27 15:43:32.363  INFO --- [restartedMain] j.LocalContainerEntityManagerFactoryBean :
        Initialized JPA EntityManagerFactory for persistence unit 'default'
2026-07-27 15:43:32.404  INFO --- [restartedMain] eAuthenticationProviderManagerConfigurer :
        Global AuthenticationManager configured with AuthenticationProvider bean with name authenticationProvider
2026-07-27 15:43:32.405  WARN --- [restartedMain] r$InitializeUserDetailsManagerConfigurer :
        Global AuthenticationManager configured with an AuthenticationProvider bean. UserDetailsService beans will not be used by Spring Security for automatically configuring username/password login. Consider removing the AuthenticationProvider bean. Alternatively, consider using the UserDetailsService in a manually instantiated DaoAuthenticationProvider. If the current configuration is intentional, to turn off this warning, increase the logging level of 'org.springframework.security.config.annotation.authentication.configuration.InitializeUserDetailsBeanManagerConfigurer' to ERROR
2026-07-27 15:43:32.547 DEBUG --- [restartedMain] o.s.s.web.DefaultSecurityFilterChain     :
        Will secure any request with filters: DisableEncodeUrlFilter, WebAsyncManagerIntegrationFilter, SecurityContextHolderFilter, HeaderWriterFilter, LogoutFilter, JwtAuthFilter, RequestCacheAwareFilter, SecurityContextHolderAwareRequestFilter, AnonymousAuthenticationFilter, SessionManagementFilter, ExceptionTranslationFilter, AuthorizationFilter
2026-07-27 15:43:32.637  INFO --- [restartedMain] o.s.b.a.e.web.EndpointLinksResolver      :
        Exposing 1 endpoint beneath base path '/actuator'
2026-07-27 15:43:32.647  INFO --- [restartedMain] o.s.boot.tomcat.TomcatWebServer          :
        Tomcat started on port 8080 (http) with context path '/api/v1'
2026-07-27 15:43:32.650  INFO --- [restartedMain] c.a.r.p.PortfolioApiApplication          :
        Started PortfolioApiApplication in 4.093 seconds (process running for 345.254)
2026-07-27 15:43:32.651  INFO --- [restartedMain] c.a.r.p.seeder.DatabaseSeeder            :
        Mengeksekusi isolasi seeder untuk environment development...
2026-07-27 15:43:32.751  INFO --- [restartedMain] c.a.r.p.seeder.ProjectSeeder             :
        Projects table has already have a data. Skipping seeding for project entity.
2026-07-27 15:43:32.841  INFO --- [restartedMain] c.a.r.p.seeder.ExperienceSeeder          :
        Experiences table has already have a data. Skipping seeding for experience entity.
2026-07-27 15:43:32.942  INFO --- [restartedMain] c.a.r.portfolio_api.seeder.BlogSeeder    :
        Blogs table has already have a data. Skipping seeding for blog entity.
2026-07-27 15:43:33.056  INFO --- [restartedMain] c.a.rizz.portfolio_api.seeder.UseSeeder  :
        Uses table has already have a data. Skipping seeding for use entity.
2026-07-27 15:43:33.056  INFO --- [restartedMain] c.a.r.p.seeder.DatabaseSeeder            :
        Seluruh mock data berhasil diinjeksi.
2026-07-27 15:43:33.056  INFO --- [restartedMain] .ConditionEvaluationDeltaLoggingListener :
        Condition evaluation unchanged
2026-07-27 15:43:39.172  INFO --- [File Watcher] rtingClassPathChangeChangedEventListener :
        Restarting due to 1 class path change (0 additions, 0 deletions, 1 modification)
2026-07-27 15:43:39.174  INFO --- [Thread-65] o.s.boot.tomcat.GracefulShutdown         :
        Commencing graceful shutdown. Waiting for active requests to complete
2026-07-27 15:43:39.177  INFO --- [tomcat-shutdown] o.s.boot.tomcat.GracefulShutdown         :
        Graceful shutdown complete
2026-07-27 15:43:39.183  INFO --- [Thread-65] j.LocalContainerEntityManagerFactoryBean :
        Closing JPA EntityManagerFactory for persistence unit 'default'
2026-07-27 15:43:39.184  INFO --- [Thread-65] com.zaxxer.hikari.HikariDataSource       :
        HikariPool-17 - Shutdown initiated...
2026-07-27 15:43:39.745  INFO --- [Thread-65] com.zaxxer.hikari.HikariDataSource       :
        HikariPool-17 - Shutdown completed.
2026-07-27 15:43:39.861  INFO --- [restartedMain] c.a.r.p.PortfolioApiApplication          :
        Starting PortfolioApiApplication using Java 25.0.3 with PID 23752 (D:\kodingan\personal\portfolio-api\target\classes started by fujiy in D:\kodingan\personal\portfolio-api)
2026-07-27 15:43:39.861  INFO --- [restartedMain] c.a.r.p.PortfolioApiApplication          :
        The following 1 profile is active: "dev"
2026-07-27 15:43:40.019  INFO --- [restartedMain] .s.d.r.c.RepositoryConfigurationDelegate :
        Multiple Spring Data modules found, entering strict repository configuration mode
2026-07-27 15:43:40.021  INFO --- [restartedMain] .s.d.r.c.RepositoryConfigurationDelegate :
        Bootstrapping Spring Data JPA repositories in DEFAULT mode.
2026-07-27 15:43:40.044  INFO --- [restartedMain] .s.d.r.c.RepositoryConfigurationDelegate :
        Finished Spring Data repository scanning in 21 ms. Found 6 JPA repository interfaces.
2026-07-27 15:43:40.049  INFO --- [restartedMain] .s.d.r.c.RepositoryConfigurationDelegate :
        Multiple Spring Data modules found, entering strict repository configuration mode
2026-07-27 15:43:40.050  INFO --- [restartedMain] .s.d.r.c.RepositoryConfigurationDelegate :
        Bootstrapping Spring Data Redis repositories in DEFAULT mode.
2026-07-27 15:43:40.061  INFO --- [restartedMain] .RepositoryConfigurationExtensionSupport :
        Spring Data Redis - Could not safely identify store assignment for repository candidate interface com.api.rizz.portfolio_api.repository.BlogAttachmentRepository; If you want this repository to be a Redis repository, consider annotating your entities with one of these annotations: org.springframework.data.redis.core.RedisHash (preferred), or consider extending one of the following types with your repository: org.springframework.data.keyvalue.repository.KeyValueRepository
2026-07-27 15:43:40.062  INFO --- [restartedMain] .RepositoryConfigurationExtensionSupport :
        Spring Data Redis - Could not safely identify store assignment for repository candidate interface com.api.rizz.portfolio_api.repository.BlogRepository; If you want this repository to be a Redis repository, consider annotating your entities with one of these annotations: org.springframework.data.redis.core.RedisHash (preferred), or consider extending one of the following types with your repository: org.springframework.data.keyvalue.repository.KeyValueRepository
2026-07-27 15:43:40.063  INFO --- [restartedMain] .RepositoryConfigurationExtensionSupport :
        Spring Data Redis - Could not safely identify store assignment for repository candidate interface com.api.rizz.portfolio_api.repository.ExperienceRepository; If you want this repository to be a Redis repository, consider annotating your entities with one of these annotations: org.springframework.data.redis.core.RedisHash (preferred), or consider extending one of the following types with your repository: org.springframework.data.keyvalue.repository.KeyValueRepository
2026-07-27 15:43:40.063  INFO --- [restartedMain] .RepositoryConfigurationExtensionSupport :
        Spring Data Redis - Could not safely identify store assignment for repository candidate interface com.api.rizz.portfolio_api.repository.ProjectRepository; If you want this repository to be a Redis repository, consider annotating your entities with one of these annotations: org.springframework.data.redis.core.RedisHash (preferred), or consider extending one of the following types with your repository: org.springframework.data.keyvalue.repository.KeyValueRepository
2026-07-27 15:43:40.063  INFO --- [restartedMain] .RepositoryConfigurationExtensionSupport :
        Spring Data Redis - Could not safely identify store assignment for repository candidate interface com.api.rizz.portfolio_api.repository.UseRepository; If you want this repository to be a Redis repository, consider annotating your entities with one of these annotations: org.springframework.data.redis.core.RedisHash (preferred), or consider extending one of the following types with your repository: org.springframework.data.keyvalue.repository.KeyValueRepository
2026-07-27 15:43:40.063  INFO --- [restartedMain] .RepositoryConfigurationExtensionSupport :
        Spring Data Redis - Could not safely identify store assignment for repository candidate interface com.api.rizz.portfolio_api.repository.UserRepository; If you want this repository to be a Redis repository, consider annotating your entities with one of these annotations: org.springframework.data.redis.core.RedisHash (preferred), or consider extending one of the following types with your repository: org.springframework.data.keyvalue.repository.KeyValueRepository
2026-07-27 15:43:40.064  INFO --- [restartedMain] .s.d.r.c.RepositoryConfigurationDelegate :
        Finished Spring Data repository scanning in 9 ms. Found 0 Redis repository interfaces.
2026-07-27 15:43:40.153  INFO --- [restartedMain] o.s.boot.tomcat.TomcatWebServer          :
        Tomcat initialized with port 8080 (http)
2026-07-27 15:43:40.154  INFO --- [restartedMain] o.apache.catalina.core.StandardService   :
        Starting service [Tomcat]
2026-07-27 15:43:40.154  INFO --- [restartedMain] o.apache.catalina.core.StandardEngine    :
        Starting Servlet engine: [Apache Tomcat/11.0.22]
2026-07-27 15:43:40.170  INFO --- [restartedMain] b.w.c.s.WebApplicationContextInitializer :
        Root WebApplicationContext: initialization completed in 308 ms
2026-07-27 15:43:40.192  INFO --- [restartedMain] com.zaxxer.hikari.HikariDataSource       :
        HikariPool-18 - Starting...
2026-07-27 15:43:40.659  INFO --- [restartedMain] com.zaxxer.hikari.pool.HikariPool        :
        HikariPool-18 - Added connection org.postgresql.jdbc.PgConnection@6f678a27
2026-07-27 15:43:40.659  INFO --- [restartedMain] com.zaxxer.hikari.HikariDataSource       :
        HikariPool-18 - Start completed.
2026-07-27 15:43:40.696  INFO --- [restartedMain] org.flywaydb.core.FlywayExecutor         :
        Database: jdbc:postgresql://ep-divine-meadow-ao56u82a-pooler.c-2.ap-southeast-1.aws.neon.tech/neondb?user=neondb_owner&password=********&sslmode=require&channelBinding=require (PostgreSQL 18.4)
2026-07-27 15:43:41.429  INFO --- [restartedMain] o.f.core.internal.command.DbValidate     :
        Successfully validated 6 migrations (execution time 00:00.319s)
2026-07-27 15:43:42.569  INFO --- [restartedMain] o.f.core.internal.command.DbMigrate      :
        Current version of schema "public": 6
2026-07-27 15:43:42.611  INFO --- [restartedMain] o.f.core.internal.command.DbMigrate      :
        Schema "public" is up to date. No migration necessary.
2026-07-27 15:43:43.092  INFO --- [restartedMain] org.hibernate.orm.jpa                    :
        HHH008540: Processing PersistenceUnitInfo [name: default]
2026-07-27 15:43:43.107  INFO --- [restartedMain] o.s.o.j.p.SpringPersistenceUnitInfo      :
        No LoadTimeWeaver setup: ignoring JPA class transformer
2026-07-27 15:43:43.596  INFO --- [restartedMain] org.hibernate.orm.connections.pooling    :
        HHH10001005: Database info:
	Database JDBC URL [jdbc:postgresql://ep-divine-meadow-ao56u82a-pooler.c-2.ap-southeast-1.aws.neon.tech/neondb?user=neondb_owner&password=npg_JNezHr24wRvm&sslmode=require&channelBinding=require]
	Database driver: PostgreSQL JDBC Driver
	Database dialect: PostgreSQLDialect
	Database version: 18.4
	Default catalog/schema: neondb/public
	Autocommit mode: undefined/unknown
	Isolation level: READ_COMMITTED [default READ_COMMITTED]
	JDBC fetch size: none
	Pool: DataSourceConnectionProvider
	Minimum pool size: undefined/unknown
	Maximum pool size: undefined/unknown
2026-07-27 15:43:43.649  INFO --- [restartedMain] org.hibernate.orm.core                   :
        HHH000489: No JTA platform available (set 'hibernate.transaction.jta.platform' to enable JTA platform integration)
2026-07-27 15:43:43.649  INFO --- [restartedMain] j.LocalContainerEntityManagerFactoryBean :
        Initialized JPA EntityManagerFactory for persistence unit 'default'
2026-07-27 15:43:43.677  INFO --- [restartedMain] eAuthenticationProviderManagerConfigurer :
        Global AuthenticationManager configured with AuthenticationProvider bean with name authenticationProvider
2026-07-27 15:43:43.677  WARN --- [restartedMain] r$InitializeUserDetailsManagerConfigurer :
        Global AuthenticationManager configured with an AuthenticationProvider bean. UserDetailsService beans will not be used by Spring Security for automatically configuring username/password login. Consider removing the AuthenticationProvider bean. Alternatively, consider using the UserDetailsService in a manually instantiated DaoAuthenticationProvider. If the current configuration is intentional, to turn off this warning, increase the logging level of 'org.springframework.security.config.annotation.authentication.configuration.InitializeUserDetailsBeanManagerConfigurer' to ERROR
2026-07-27 15:43:43.866 DEBUG --- [restartedMain] o.s.s.web.DefaultSecurityFilterChain     :
        Will secure any request with filters: DisableEncodeUrlFilter, WebAsyncManagerIntegrationFilter, SecurityContextHolderFilter, HeaderWriterFilter, LogoutFilter, JwtAuthFilter, RequestCacheAwareFilter, SecurityContextHolderAwareRequestFilter, AnonymousAuthenticationFilter, SessionManagementFilter, ExceptionTranslationFilter, AuthorizationFilter
2026-07-27 15:43:44.013  INFO --- [restartedMain] o.s.b.a.e.web.EndpointLinksResolver      :
        Exposing 1 endpoint beneath base path '/actuator'
2026-07-27 15:43:44.027  INFO --- [restartedMain] o.s.boot.tomcat.TomcatWebServer          :
        Tomcat started on port 8080 (http) with context path '/api/v1'
2026-07-27 15:43:44.029  INFO --- [restartedMain] c.a.r.p.PortfolioApiApplication          :
        Started PortfolioApiApplication in 4.185 seconds (process running for 356.634)
2026-07-27 15:43:44.030  INFO --- [restartedMain] c.a.r.p.seeder.DatabaseSeeder            :
        Mengeksekusi isolasi seeder untuk environment development...
2026-07-27 15:43:44.153  INFO --- [restartedMain] c.a.r.p.seeder.ProjectSeeder             :
        Projects table has already have a data. Skipping seeding for project entity.
2026-07-27 15:43:44.253  INFO --- [restartedMain] c.a.r.p.seeder.ExperienceSeeder          :
        Experiences table has already have a data. Skipping seeding for experience entity.
2026-07-27 15:43:44.364  INFO --- [restartedMain] c.a.r.portfolio_api.seeder.BlogSeeder    :
        Blogs table has already have a data. Skipping seeding for blog entity.
2026-07-27 15:43:44.455  INFO --- [restartedMain] c.a.rizz.portfolio_api.seeder.UseSeeder  :
        Uses table has already have a data. Skipping seeding for use entity.
2026-07-27 15:43:44.455  INFO --- [restartedMain] c.a.r.p.seeder.DatabaseSeeder            :
        Seluruh mock data berhasil diinjeksi.
2026-07-27 15:43:44.456  INFO --- [restartedMain] .ConditionEvaluationDeltaLoggingListener :
        Condition evaluation unchanged
2026-07-27 15:43:45.446  INFO --- [File Watcher] rtingClassPathChangeChangedEventListener :
        Restarting due to 1 class path change (0 additions, 0 deletions, 1 modification)
2026-07-27 15:43:45.448  INFO --- [Thread-69] o.s.boot.tomcat.GracefulShutdown         :
        Commencing graceful shutdown. Waiting for active requests to complete
2026-07-27 15:43:45.451  INFO --- [tomcat-shutdown] o.s.boot.tomcat.GracefulShutdown         :
        Graceful shutdown complete
2026-07-27 15:43:45.463  INFO --- [Thread-69] j.LocalContainerEntityManagerFactoryBean :
        Closing JPA EntityManagerFactory for persistence unit 'default'
2026-07-27 15:43:45.464  INFO --- [Thread-69] com.zaxxer.hikari.HikariDataSource       :
        HikariPool-18 - Shutdown initiated...
2026-07-27 15:43:45.968  INFO --- [Thread-69] com.zaxxer.hikari.HikariDataSource       :
        HikariPool-18 - Shutdown completed.
2026-07-27 15:43:46.074  INFO --- [restartedMain] c.a.r.p.PortfolioApiApplication          :
        Starting PortfolioApiApplication using Java 25.0.3 with PID 23752 (D:\kodingan\personal\portfolio-api\target\classes started by fujiy in D:\kodingan\personal\portfolio-api)
2026-07-27 15:43:46.074  INFO --- [restartedMain] c.a.r.p.PortfolioApiApplication          :
        The following 1 profile is active: "dev"
2026-07-27 15:43:46.174  INFO --- [restartedMain] .s.d.r.c.RepositoryConfigurationDelegate :
        Multiple Spring Data modules found, entering strict repository configuration mode
2026-07-27 15:43:46.175  INFO --- [restartedMain] .s.d.r.c.RepositoryConfigurationDelegate :
        Bootstrapping Spring Data JPA repositories in DEFAULT mode.
2026-07-27 15:43:46.186  INFO --- [restartedMain] .s.d.r.c.RepositoryConfigurationDelegate :
        Finished Spring Data repository scanning in 10 ms. Found 6 JPA repository interfaces.
2026-07-27 15:43:46.189  INFO --- [restartedMain] .s.d.r.c.RepositoryConfigurationDelegate :
        Multiple Spring Data modules found, entering strict repository configuration mode
2026-07-27 15:43:46.189  INFO --- [restartedMain] .s.d.r.c.RepositoryConfigurationDelegate :
        Bootstrapping Spring Data Redis repositories in DEFAULT mode.
2026-07-27 15:43:46.193  INFO --- [restartedMain] .RepositoryConfigurationExtensionSupport :
        Spring Data Redis - Could not safely identify store assignment for repository candidate interface com.api.rizz.portfolio_api.repository.BlogAttachmentRepository; If you want this repository to be a Redis repository, consider annotating your entities with one of these annotations: org.springframework.data.redis.core.RedisHash (preferred), or consider extending one of the following types with your repository: org.springframework.data.keyvalue.repository.KeyValueRepository
2026-07-27 15:43:46.193  INFO --- [restartedMain] .RepositoryConfigurationExtensionSupport :
        Spring Data Redis - Could not safely identify store assignment for repository candidate interface com.api.rizz.portfolio_api.repository.BlogRepository; If you want this repository to be a Redis repository, consider annotating your entities with one of these annotations: org.springframework.data.redis.core.RedisHash (preferred), or consider extending one of the following types with your repository: org.springframework.data.keyvalue.repository.KeyValueRepository
2026-07-27 15:43:46.193  INFO --- [restartedMain] .RepositoryConfigurationExtensionSupport :
        Spring Data Redis - Could not safely identify store assignment for repository candidate interface com.api.rizz.portfolio_api.repository.ExperienceRepository; If you want this repository to be a Redis repository, consider annotating your entities with one of these annotations: org.springframework.data.redis.core.RedisHash (preferred), or consider extending one of the following types with your repository: org.springframework.data.keyvalue.repository.KeyValueRepository
2026-07-27 15:43:46.193  INFO --- [restartedMain] .RepositoryConfigurationExtensionSupport :
        Spring Data Redis - Could not safely identify store assignment for repository candidate interface com.api.rizz.portfolio_api.repository.ProjectRepository; If you want this repository to be a Redis repository, consider annotating your entities with one of these annotations: org.springframework.data.redis.core.RedisHash (preferred), or consider extending one of the following types with your repository: org.springframework.data.keyvalue.repository.KeyValueRepository
2026-07-27 15:43:46.193  INFO --- [restartedMain] .RepositoryConfigurationExtensionSupport :
        Spring Data Redis - Could not safely identify store assignment for repository candidate interface com.api.rizz.portfolio_api.repository.UseRepository; If you want this repository to be a Redis repository, consider annotating your entities with one of these annotations: org.springframework.data.redis.core.RedisHash (preferred), or consider extending one of the following types with your repository: org.springframework.data.keyvalue.repository.KeyValueRepository
2026-07-27 15:43:46.194  INFO --- [restartedMain] .RepositoryConfigurationExtensionSupport :
        Spring Data Redis - Could not safely identify store assignment for repository candidate interface com.api.rizz.portfolio_api.repository.UserRepository; If you want this repository to be a Redis repository, consider annotating your entities with one of these annotations: org.springframework.data.redis.core.RedisHash (preferred), or consider extending one of the following types with your repository: org.springframework.data.keyvalue.repository.KeyValueRepository
2026-07-27 15:43:46.194  INFO --- [restartedMain] .s.d.r.c.RepositoryConfigurationDelegate :
        Finished Spring Data repository scanning in 2 ms. Found 0 Redis repository interfaces.
2026-07-27 15:43:46.244  INFO --- [restartedMain] o.s.boot.tomcat.TomcatWebServer          :
        Tomcat initialized with port 8080 (http)
2026-07-27 15:43:46.244  INFO --- [restartedMain] o.apache.catalina.core.StandardService   :
        Starting service [Tomcat]
2026-07-27 15:43:46.244  INFO --- [restartedMain] o.apache.catalina.core.StandardEngine    :
        Starting Servlet engine: [Apache Tomcat/11.0.22]
2026-07-27 15:43:46.286  INFO --- [restartedMain] b.w.c.s.WebApplicationContextInitializer :
        Root WebApplicationContext: initialization completed in 211 ms
2026-07-27 15:43:46.308  INFO --- [restartedMain] com.zaxxer.hikari.HikariDataSource       :
        HikariPool-19 - Starting...
2026-07-27 15:43:47.194  INFO --- [restartedMain] com.zaxxer.hikari.pool.HikariPool        :
        HikariPool-19 - Added connection org.postgresql.jdbc.PgConnection@11014400
2026-07-27 15:43:47.194  INFO --- [restartedMain] com.zaxxer.hikari.HikariDataSource       :
        HikariPool-19 - Start completed.
2026-07-27 15:43:47.298  INFO --- [restartedMain] org.flywaydb.core.FlywayExecutor         :
        Database: jdbc:postgresql://ep-divine-meadow-ao56u82a-pooler.c-2.ap-southeast-1.aws.neon.tech/neondb?user=neondb_owner&password=********&sslmode=require&channelBinding=require (PostgreSQL 18.4)
2026-07-27 15:43:48.466  INFO --- [restartedMain] o.f.core.internal.command.DbValidate     :
        Successfully validated 6 migrations (execution time 00:00.346s)
2026-07-27 15:43:49.250  INFO --- [restartedMain] o.f.core.internal.command.DbMigrate      :
        Current version of schema "public": 6
2026-07-27 15:43:49.291  INFO --- [restartedMain] o.f.core.internal.command.DbMigrate      :
        Schema "public" is up to date. No migration necessary.
2026-07-27 15:43:49.692  INFO --- [restartedMain] org.hibernate.orm.jpa                    :
        HHH008540: Processing PersistenceUnitInfo [name: default]
2026-07-27 15:43:49.706  INFO --- [restartedMain] o.s.o.j.p.SpringPersistenceUnitInfo      :
        No LoadTimeWeaver setup: ignoring JPA class transformer
2026-07-27 15:43:49.987  INFO --- [restartedMain] org.hibernate.orm.connections.pooling    :
        HHH10001005: Database info:
	Database JDBC URL [jdbc:postgresql://ep-divine-meadow-ao56u82a-pooler.c-2.ap-southeast-1.aws.neon.tech/neondb?user=neondb_owner&password=npg_JNezHr24wRvm&sslmode=require&channelBinding=require]
	Database driver: PostgreSQL JDBC Driver
	Database dialect: PostgreSQLDialect
	Database version: 18.4
	Default catalog/schema: neondb/public
	Autocommit mode: undefined/unknown
	Isolation level: READ_COMMITTED [default READ_COMMITTED]
	JDBC fetch size: none
	Pool: DataSourceConnectionProvider
	Minimum pool size: undefined/unknown
	Maximum pool size: undefined/unknown
2026-07-27 15:43:50.051  INFO --- [restartedMain] org.hibernate.orm.core                   :
        HHH000489: No JTA platform available (set 'hibernate.transaction.jta.platform' to enable JTA platform integration)
2026-07-27 15:43:50.052  INFO --- [restartedMain] j.LocalContainerEntityManagerFactoryBean :
        Initialized JPA EntityManagerFactory for persistence unit 'default'
2026-07-27 15:43:50.091  INFO --- [restartedMain] eAuthenticationProviderManagerConfigurer :
        Global AuthenticationManager configured with AuthenticationProvider bean with name authenticationProvider
2026-07-27 15:43:50.091  WARN --- [restartedMain] r$InitializeUserDetailsManagerConfigurer :
        Global AuthenticationManager configured with an AuthenticationProvider bean. UserDetailsService beans will not be used by Spring Security for automatically configuring username/password login. Consider removing the AuthenticationProvider bean. Alternatively, consider using the UserDetailsService in a manually instantiated DaoAuthenticationProvider. If the current configuration is intentional, to turn off this warning, increase the logging level of 'org.springframework.security.config.annotation.authentication.configuration.InitializeUserDetailsBeanManagerConfigurer' to ERROR
2026-07-27 15:43:50.210 DEBUG --- [restartedMain] o.s.s.web.DefaultSecurityFilterChain     :
        Will secure any request with filters: DisableEncodeUrlFilter, WebAsyncManagerIntegrationFilter, SecurityContextHolderFilter, HeaderWriterFilter, LogoutFilter, JwtAuthFilter, RequestCacheAwareFilter, SecurityContextHolderAwareRequestFilter, AnonymousAuthenticationFilter, SessionManagementFilter, ExceptionTranslationFilter, AuthorizationFilter
2026-07-27 15:43:50.305  INFO --- [restartedMain] o.s.b.a.e.web.EndpointLinksResolver      :
        Exposing 1 endpoint beneath base path '/actuator'
2026-07-27 15:43:50.320  INFO --- [restartedMain] o.s.boot.tomcat.TomcatWebServer          :
        Tomcat started on port 8080 (http) with context path '/api/v1'
2026-07-27 15:43:50.326  INFO --- [restartedMain] c.a.r.p.PortfolioApiApplication          :
        Started PortfolioApiApplication in 4.268 seconds (process running for 362.931)
2026-07-27 15:43:50.327  INFO --- [restartedMain] c.a.r.p.seeder.DatabaseSeeder            :
        Mengeksekusi isolasi seeder untuk environment development...
2026-07-27 15:43:50.428  INFO --- [restartedMain] c.a.r.p.seeder.ProjectSeeder             :
        Projects table has already have a data. Skipping seeding for project entity.
2026-07-27 15:43:50.503  INFO --- [restartedMain] c.a.r.p.seeder.ExperienceSeeder          :
        Experiences table has already have a data. Skipping seeding for experience entity.
2026-07-27 15:43:50.592  INFO --- [restartedMain] c.a.r.portfolio_api.seeder.BlogSeeder    :
        Blogs table has already have a data. Skipping seeding for blog entity.
2026-07-27 15:43:50.674  INFO --- [restartedMain] c.a.rizz.portfolio_api.seeder.UseSeeder  :
        Uses table has already have a data. Skipping seeding for use entity.
2026-07-27 15:43:50.675  INFO --- [restartedMain] c.a.r.p.seeder.DatabaseSeeder            :
        Seluruh mock data berhasil diinjeksi.
2026-07-27 15:43:50.675  INFO --- [restartedMain] .ConditionEvaluationDeltaLoggingListener :
        Condition evaluation unchanged
2026-07-27 15:43:56.850  INFO --- [File Watcher] rtingClassPathChangeChangedEventListener :
        Restarting due to 1 class path change (0 additions, 0 deletions, 1 modification)
2026-07-27 15:43:56.851  INFO --- [Thread-73] o.s.boot.tomcat.GracefulShutdown         :
        Commencing graceful shutdown. Waiting for active requests to complete
2026-07-27 15:43:56.854  INFO --- [tomcat-shutdown] o.s.boot.tomcat.GracefulShutdown         :
        Graceful shutdown complete
2026-07-27 15:43:56.861  INFO --- [Thread-73] j.LocalContainerEntityManagerFactoryBean :
        Closing JPA EntityManagerFactory for persistence unit 'default'
2026-07-27 15:43:56.861  INFO --- [Thread-73] com.zaxxer.hikari.HikariDataSource       :
        HikariPool-19 - Shutdown initiated...
2026-07-27 15:43:57.575  INFO --- [Thread-73] com.zaxxer.hikari.HikariDataSource       :
        HikariPool-19 - Shutdown completed.
2026-07-27 15:43:57.696  INFO --- [restartedMain] c.a.r.p.PortfolioApiApplication          :
        Starting PortfolioApiApplication using Java 25.0.3 with PID 23752 (D:\kodingan\personal\portfolio-api\target\classes started by fujiy in D:\kodingan\personal\portfolio-api)
2026-07-27 15:43:57.696  INFO --- [restartedMain] c.a.r.p.PortfolioApiApplication          :
        The following 1 profile is active: "dev"
2026-07-27 15:43:57.818  INFO --- [restartedMain] .s.d.r.c.RepositoryConfigurationDelegate :
        Multiple Spring Data modules found, entering strict repository configuration mode
2026-07-27 15:43:57.818  INFO --- [restartedMain] .s.d.r.c.RepositoryConfigurationDelegate :
        Bootstrapping Spring Data JPA repositories in DEFAULT mode.
2026-07-27 15:43:57.831  INFO --- [restartedMain] .s.d.r.c.RepositoryConfigurationDelegate :
        Finished Spring Data repository scanning in 11 ms. Found 6 JPA repository interfaces.
2026-07-27 15:43:57.838  INFO --- [restartedMain] .s.d.r.c.RepositoryConfigurationDelegate :
        Multiple Spring Data modules found, entering strict repository configuration mode
2026-07-27 15:43:57.838  INFO --- [restartedMain] .s.d.r.c.RepositoryConfigurationDelegate :
        Bootstrapping Spring Data Redis repositories in DEFAULT mode.
2026-07-27 15:43:57.861  INFO --- [restartedMain] .RepositoryConfigurationExtensionSupport :
        Spring Data Redis - Could not safely identify store assignment for repository candidate interface com.api.rizz.portfolio_api.repository.BlogAttachmentRepository; If you want this repository to be a Redis repository, consider annotating your entities with one of these annotations: org.springframework.data.redis.core.RedisHash (preferred), or consider extending one of the following types with your repository: org.springframework.data.keyvalue.repository.KeyValueRepository
2026-07-27 15:43:57.871  INFO --- [restartedMain] .RepositoryConfigurationExtensionSupport :
        Spring Data Redis - Could not safely identify store assignment for repository candidate interface com.api.rizz.portfolio_api.repository.BlogRepository; If you want this repository to be a Redis repository, consider annotating your entities with one of these annotations: org.springframework.data.redis.core.RedisHash (preferred), or consider extending one of the following types with your repository: org.springframework.data.keyvalue.repository.KeyValueRepository
2026-07-27 15:43:57.891  INFO --- [restartedMain] .RepositoryConfigurationExtensionSupport :
        Spring Data Redis - Could not safely identify store assignment for repository candidate interface com.api.rizz.portfolio_api.repository.ExperienceRepository; If you want this repository to be a Redis repository, consider annotating your entities with one of these annotations: org.springframework.data.redis.core.RedisHash (preferred), or consider extending one of the following types with your repository: org.springframework.data.keyvalue.repository.KeyValueRepository
2026-07-27 15:43:57.896  INFO --- [restartedMain] .RepositoryConfigurationExtensionSupport :
        Spring Data Redis - Could not safely identify store assignment for repository candidate interface com.api.rizz.portfolio_api.repository.ProjectRepository; If you want this repository to be a Redis repository, consider annotating your entities with one of these annotations: org.springframework.data.redis.core.RedisHash (preferred), or consider extending one of the following types with your repository: org.springframework.data.keyvalue.repository.KeyValueRepository
2026-07-27 15:43:57.898  INFO --- [restartedMain] .RepositoryConfigurationExtensionSupport :
        Spring Data Redis - Could not safely identify store assignment for repository candidate interface com.api.rizz.portfolio_api.repository.UseRepository; If you want this repository to be a Redis repository, consider annotating your entities with one of these annotations: org.springframework.data.redis.core.RedisHash (preferred), or consider extending one of the following types with your repository: org.springframework.data.keyvalue.repository.KeyValueRepository
2026-07-27 15:43:57.899  INFO --- [restartedMain] .RepositoryConfigurationExtensionSupport :
        Spring Data Redis - Could not safely identify store assignment for repository candidate interface com.api.rizz.portfolio_api.repository.UserRepository; If you want this repository to be a Redis repository, consider annotating your entities with one of these annotations: org.springframework.data.redis.core.RedisHash (preferred), or consider extending one of the following types with your repository: org.springframework.data.keyvalue.repository.KeyValueRepository
2026-07-27 15:43:57.899  INFO --- [restartedMain] .s.d.r.c.RepositoryConfigurationDelegate :
        Finished Spring Data repository scanning in 60 ms. Found 0 Redis repository interfaces.
2026-07-27 15:43:57.963  INFO --- [restartedMain] o.s.boot.tomcat.TomcatWebServer          :
        Tomcat initialized with port 8080 (http)
2026-07-27 15:43:57.964  INFO --- [restartedMain] o.apache.catalina.core.StandardService   :
        Starting service [Tomcat]
2026-07-27 15:43:57.964  INFO --- [restartedMain] o.apache.catalina.core.StandardEngine    :
        Starting Servlet engine: [Apache Tomcat/11.0.22]
2026-07-27 15:43:57.990  INFO --- [restartedMain] b.w.c.s.WebApplicationContextInitializer :
        Root WebApplicationContext: initialization completed in 293 ms
2026-07-27 15:43:58.024  INFO --- [restartedMain] com.zaxxer.hikari.HikariDataSource       :
        HikariPool-20 - Starting...
2026-07-27 15:43:58.603  INFO --- [restartedMain] com.zaxxer.hikari.pool.HikariPool        :
        HikariPool-20 - Added connection org.postgresql.jdbc.PgConnection@571ded9f
2026-07-27 15:43:58.603  INFO --- [restartedMain] com.zaxxer.hikari.HikariDataSource       :
        HikariPool-20 - Start completed.
2026-07-27 15:43:58.636  INFO --- [restartedMain] org.flywaydb.core.FlywayExecutor         :
        Database: jdbc:postgresql://ep-divine-meadow-ao56u82a-pooler.c-2.ap-southeast-1.aws.neon.tech/neondb?user=neondb_owner&password=********&sslmode=require&channelBinding=require (PostgreSQL 18.4)
2026-07-27 15:43:59.255  INFO --- [restartedMain] o.f.core.internal.command.DbValidate     :
        Successfully validated 6 migrations (execution time 00:00.187s)
2026-07-27 15:44:00.144  INFO --- [restartedMain] o.f.core.internal.command.DbMigrate      :
        Current version of schema "public": 6
2026-07-27 15:44:00.248  INFO --- [restartedMain] o.f.core.internal.command.DbMigrate      :
        Schema "public" is up to date. No migration necessary.
2026-07-27 15:44:00.772  INFO --- [restartedMain] org.hibernate.orm.jpa                    :
        HHH008540: Processing PersistenceUnitInfo [name: default]
2026-07-27 15:44:00.787  INFO --- [restartedMain] o.s.o.j.p.SpringPersistenceUnitInfo      :
        No LoadTimeWeaver setup: ignoring JPA class transformer
2026-07-27 15:44:01.390  INFO --- [restartedMain] org.hibernate.orm.connections.pooling    :
        HHH10001005: Database info:
	Database JDBC URL [jdbc:postgresql://ep-divine-meadow-ao56u82a-pooler.c-2.ap-southeast-1.aws.neon.tech/neondb?user=neondb_owner&password=npg_JNezHr24wRvm&sslmode=require&channelBinding=require]
	Database driver: PostgreSQL JDBC Driver
	Database dialect: PostgreSQLDialect
	Database version: 18.4
	Default catalog/schema: neondb/public
	Autocommit mode: undefined/unknown
	Isolation level: READ_COMMITTED [default READ_COMMITTED]
	JDBC fetch size: none
	Pool: DataSourceConnectionProvider
	Minimum pool size: undefined/unknown
	Maximum pool size: undefined/unknown
2026-07-27 15:44:01.447  INFO --- [restartedMain] org.hibernate.orm.core                   :
        HHH000489: No JTA platform available (set 'hibernate.transaction.jta.platform' to enable JTA platform integration)
2026-07-27 15:44:01.448  INFO --- [restartedMain] j.LocalContainerEntityManagerFactoryBean :
        Initialized JPA EntityManagerFactory for persistence unit 'default'
2026-07-27 15:44:01.510  INFO --- [restartedMain] eAuthenticationProviderManagerConfigurer :
        Global AuthenticationManager configured with AuthenticationProvider bean with name authenticationProvider
2026-07-27 15:44:01.510  WARN --- [restartedMain] r$InitializeUserDetailsManagerConfigurer :
        Global AuthenticationManager configured with an AuthenticationProvider bean. UserDetailsService beans will not be used by Spring Security for automatically configuring username/password login. Consider removing the AuthenticationProvider bean. Alternatively, consider using the UserDetailsService in a manually instantiated DaoAuthenticationProvider. If the current configuration is intentional, to turn off this warning, increase the logging level of 'org.springframework.security.config.annotation.authentication.configuration.InitializeUserDetailsBeanManagerConfigurer' to ERROR
2026-07-27 15:44:01.707 DEBUG --- [restartedMain] o.s.s.web.DefaultSecurityFilterChain     :
        Will secure any request with filters: DisableEncodeUrlFilter, WebAsyncManagerIntegrationFilter, SecurityContextHolderFilter, HeaderWriterFilter, LogoutFilter, JwtAuthFilter, RequestCacheAwareFilter, SecurityContextHolderAwareRequestFilter, AnonymousAuthenticationFilter, SessionManagementFilter, ExceptionTranslationFilter, AuthorizationFilter
2026-07-27 15:44:01.791  INFO --- [restartedMain] o.s.b.a.e.web.EndpointLinksResolver      :
        Exposing 1 endpoint beneath base path '/actuator'
2026-07-27 15:44:01.806  INFO --- [restartedMain] o.s.boot.tomcat.TomcatWebServer          :
        Tomcat started on port 8080 (http) with context path '/api/v1'
2026-07-27 15:44:01.809  INFO --- [restartedMain] c.a.r.p.PortfolioApiApplication          :
        Started PortfolioApiApplication in 4.13 seconds (process running for 374.413)
2026-07-27 15:44:01.810  INFO --- [restartedMain] c.a.r.p.seeder.DatabaseSeeder            :
        Mengeksekusi isolasi seeder untuk environment development...
2026-07-27 15:44:02.024  INFO --- [restartedMain] c.a.r.p.seeder.ProjectSeeder             :
        Projects table has already have a data. Skipping seeding for project entity.
2026-07-27 15:44:02.110  INFO --- [restartedMain] c.a.r.p.seeder.ExperienceSeeder          :
        Experiences table has already have a data. Skipping seeding for experience entity.
2026-07-27 15:44:02.303  INFO --- [restartedMain] c.a.r.portfolio_api.seeder.BlogSeeder    :
        Blogs table has already have a data. Skipping seeding for blog entity.
2026-07-27 15:44:02.509  INFO --- [restartedMain] c.a.rizz.portfolio_api.seeder.UseSeeder  :
        Uses table has already have a data. Skipping seeding for use entity.
2026-07-27 15:44:02.509  INFO --- [restartedMain] c.a.r.p.seeder.DatabaseSeeder            :
        Seluruh mock data berhasil diinjeksi.
2026-07-27 15:44:02.510  INFO --- [restartedMain] .ConditionEvaluationDeltaLoggingListener :
        Condition evaluation unchanged
2026-07-27 15:44:03.227  INFO --- [File Watcher] rtingClassPathChangeChangedEventListener :
        Restarting due to 1 class path change (0 additions, 0 deletions, 1 modification)
2026-07-27 15:44:03.227  INFO --- [Thread-77] o.s.boot.tomcat.GracefulShutdown         :
        Commencing graceful shutdown. Waiting for active requests to complete
2026-07-27 15:44:03.232  INFO --- [tomcat-shutdown] o.s.boot.tomcat.GracefulShutdown         :
        Graceful shutdown complete
2026-07-27 15:44:03.239  INFO --- [Thread-77] j.LocalContainerEntityManagerFactoryBean :
        Closing JPA EntityManagerFactory for persistence unit 'default'
2026-07-27 15:44:03.240  INFO --- [Thread-77] com.zaxxer.hikari.HikariDataSource       :
        HikariPool-20 - Shutdown initiated...
2026-07-27 15:44:04.052  INFO --- [Thread-77] com.zaxxer.hikari.HikariDataSource       :
        HikariPool-20 - Shutdown completed.
2026-07-27 15:44:04.147  INFO --- [restartedMain] c.a.r.p.PortfolioApiApplication          :
        Starting PortfolioApiApplication using Java 25.0.3 with PID 23752 (D:\kodingan\personal\portfolio-api\target\classes started by fujiy in D:\kodingan\personal\portfolio-api)
2026-07-27 15:44:04.147  INFO --- [restartedMain] c.a.r.p.PortfolioApiApplication          :
        The following 1 profile is active: "dev"
2026-07-27 15:44:04.255  INFO --- [restartedMain] .s.d.r.c.RepositoryConfigurationDelegate :
        Multiple Spring Data modules found, entering strict repository configuration mode
2026-07-27 15:44:04.255  INFO --- [restartedMain] .s.d.r.c.RepositoryConfigurationDelegate :
        Bootstrapping Spring Data JPA repositories in DEFAULT mode.
2026-07-27 15:44:04.267  INFO --- [restartedMain] .s.d.r.c.RepositoryConfigurationDelegate :
        Finished Spring Data repository scanning in 10 ms. Found 6 JPA repository interfaces.
2026-07-27 15:44:04.270  INFO --- [restartedMain] .s.d.r.c.RepositoryConfigurationDelegate :
        Multiple Spring Data modules found, entering strict repository configuration mode
2026-07-27 15:44:04.270  INFO --- [restartedMain] .s.d.r.c.RepositoryConfigurationDelegate :
        Bootstrapping Spring Data Redis repositories in DEFAULT mode.
2026-07-27 15:44:04.272  INFO --- [restartedMain] .RepositoryConfigurationExtensionSupport :
        Spring Data Redis - Could not safely identify store assignment for repository candidate interface com.api.rizz.portfolio_api.repository.BlogAttachmentRepository; If you want this repository to be a Redis repository, consider annotating your entities with one of these annotations: org.springframework.data.redis.core.RedisHash (preferred), or consider extending one of the following types with your repository: org.springframework.data.keyvalue.repository.KeyValueRepository
2026-07-27 15:44:04.272  INFO --- [restartedMain] .RepositoryConfigurationExtensionSupport :
        Spring Data Redis - Could not safely identify store assignment for repository candidate interface com.api.rizz.portfolio_api.repository.BlogRepository; If you want this repository to be a Redis repository, consider annotating your entities with one of these annotations: org.springframework.data.redis.core.RedisHash (preferred), or consider extending one of the following types with your repository: org.springframework.data.keyvalue.repository.KeyValueRepository
2026-07-27 15:44:04.272  INFO --- [restartedMain] .RepositoryConfigurationExtensionSupport :
        Spring Data Redis - Could not safely identify store assignment for repository candidate interface com.api.rizz.portfolio_api.repository.ExperienceRepository; If you want this repository to be a Redis repository, consider annotating your entities with one of these annotations: org.springframework.data.redis.core.RedisHash (preferred), or consider extending one of the following types with your repository: org.springframework.data.keyvalue.repository.KeyValueRepository
2026-07-27 15:44:04.272  INFO --- [restartedMain] .RepositoryConfigurationExtensionSupport :
        Spring Data Redis - Could not safely identify store assignment for repository candidate interface com.api.rizz.portfolio_api.repository.ProjectRepository; If you want this repository to be a Redis repository, consider annotating your entities with one of these annotations: org.springframework.data.redis.core.RedisHash (preferred), or consider extending one of the following types with your repository: org.springframework.data.keyvalue.repository.KeyValueRepository
2026-07-27 15:44:04.272  INFO --- [restartedMain] .RepositoryConfigurationExtensionSupport :
        Spring Data Redis - Could not safely identify store assignment for repository candidate interface com.api.rizz.portfolio_api.repository.UseRepository; If you want this repository to be a Redis repository, consider annotating your entities with one of these annotations: org.springframework.data.redis.core.RedisHash (preferred), or consider extending one of the following types with your repository: org.springframework.data.keyvalue.repository.KeyValueRepository
2026-07-27 15:44:04.272  INFO --- [restartedMain] .RepositoryConfigurationExtensionSupport :
        Spring Data Redis - Could not safely identify store assignment for repository candidate interface com.api.rizz.portfolio_api.repository.UserRepository; If you want this repository to be a Redis repository, consider annotating your entities with one of these annotations: org.springframework.data.redis.core.RedisHash (preferred), or consider extending one of the following types with your repository: org.springframework.data.keyvalue.repository.KeyValueRepository
2026-07-27 15:44:04.272  INFO --- [restartedMain] .s.d.r.c.RepositoryConfigurationDelegate :
        Finished Spring Data repository scanning in 2 ms. Found 0 Redis repository interfaces.
2026-07-27 15:44:04.317  INFO --- [restartedMain] o.s.boot.tomcat.TomcatWebServer          :
        Tomcat initialized with port 8080 (http)
2026-07-27 15:44:04.317  INFO --- [restartedMain] o.apache.catalina.core.StandardService   :
        Starting service [Tomcat]
2026-07-27 15:44:04.318  INFO --- [restartedMain] o.apache.catalina.core.StandardEngine    :
        Starting Servlet engine: [Apache Tomcat/11.0.22]
2026-07-27 15:44:04.332  INFO --- [restartedMain] b.w.c.s.WebApplicationContextInitializer :
        Root WebApplicationContext: initialization completed in 184 ms
2026-07-27 15:44:04.354  INFO --- [restartedMain] com.zaxxer.hikari.HikariDataSource       :
        HikariPool-21 - Starting...
2026-07-27 15:44:04.921  INFO --- [restartedMain] com.zaxxer.hikari.pool.HikariPool        :
        HikariPool-21 - Added connection org.postgresql.jdbc.PgConnection@1260e717
2026-07-27 15:44:04.921  INFO --- [restartedMain] com.zaxxer.hikari.HikariDataSource       :
        HikariPool-21 - Start completed.
2026-07-27 15:44:04.975  INFO --- [restartedMain] org.flywaydb.core.FlywayExecutor         :
        Database: jdbc:postgresql://ep-divine-meadow-ao56u82a-pooler.c-2.ap-southeast-1.aws.neon.tech/neondb?user=neondb_owner&password=********&sslmode=require&channelBinding=require (PostgreSQL 18.4)
2026-07-27 15:44:05.675  INFO --- [restartedMain] o.f.core.internal.command.DbValidate     :
        Successfully validated 6 migrations (execution time 00:00.184s)
2026-07-27 15:44:06.187  INFO --- [restartedMain] o.f.core.internal.command.DbMigrate      :
        Current version of schema "public": 6
2026-07-27 15:44:06.228  INFO --- [restartedMain] o.f.core.internal.command.DbMigrate      :
        Schema "public" is up to date. No migration necessary.
2026-07-27 15:44:06.851  INFO --- [restartedMain] org.hibernate.orm.jpa                    :
        HHH008540: Processing PersistenceUnitInfo [name: default]
2026-07-27 15:44:06.871  INFO --- [restartedMain] o.s.o.j.p.SpringPersistenceUnitInfo      :
        No LoadTimeWeaver setup: ignoring JPA class transformer
2026-07-27 15:44:07.683  INFO --- [restartedMain] org.hibernate.orm.connections.pooling    :
        HHH10001005: Database info:
	Database JDBC URL [jdbc:postgresql://ep-divine-meadow-ao56u82a-pooler.c-2.ap-southeast-1.aws.neon.tech/neondb?user=neondb_owner&password=npg_JNezHr24wRvm&sslmode=require&channelBinding=require]
	Database driver: PostgreSQL JDBC Driver
	Database dialect: PostgreSQLDialect
	Database version: 18.4
	Default catalog/schema: neondb/public
	Autocommit mode: undefined/unknown
	Isolation level: READ_COMMITTED [default READ_COMMITTED]
	JDBC fetch size: none
	Pool: DataSourceConnectionProvider
	Minimum pool size: undefined/unknown
	Maximum pool size: undefined/unknown
2026-07-27 15:44:07.745  INFO --- [restartedMain] org.hibernate.orm.core                   :
        HHH000489: No JTA platform available (set 'hibernate.transaction.jta.platform' to enable JTA platform integration)
2026-07-27 15:44:07.746  INFO --- [restartedMain] j.LocalContainerEntityManagerFactoryBean :
        Initialized JPA EntityManagerFactory for persistence unit 'default'
2026-07-27 15:44:07.783  INFO --- [restartedMain] eAuthenticationProviderManagerConfigurer :
        Global AuthenticationManager configured with AuthenticationProvider bean with name authenticationProvider
2026-07-27 15:44:07.784  WARN --- [restartedMain] r$InitializeUserDetailsManagerConfigurer :
        Global AuthenticationManager configured with an AuthenticationProvider bean. UserDetailsService beans will not be used by Spring Security for automatically configuring username/password login. Consider removing the AuthenticationProvider bean. Alternatively, consider using the UserDetailsService in a manually instantiated DaoAuthenticationProvider. If the current configuration is intentional, to turn off this warning, increase the logging level of 'org.springframework.security.config.annotation.authentication.configuration.InitializeUserDetailsBeanManagerConfigurer' to ERROR
2026-07-27 15:44:07.918 DEBUG --- [restartedMain] o.s.s.web.DefaultSecurityFilterChain     :
        Will secure any request with filters: DisableEncodeUrlFilter, WebAsyncManagerIntegrationFilter, SecurityContextHolderFilter, HeaderWriterFilter, LogoutFilter, JwtAuthFilter, RequestCacheAwareFilter, SecurityContextHolderAwareRequestFilter, AnonymousAuthenticationFilter, SessionManagementFilter, ExceptionTranslationFilter, AuthorizationFilter
2026-07-27 15:44:08.003  INFO --- [restartedMain] o.s.b.a.e.web.EndpointLinksResolver      :
        Exposing 1 endpoint beneath base path '/actuator'
2026-07-27 15:44:08.022  INFO --- [restartedMain] o.s.boot.tomcat.TomcatWebServer          :
        Tomcat started on port 8080 (http) with context path '/api/v1'
2026-07-27 15:44:08.026  INFO --- [restartedMain] c.a.r.p.PortfolioApiApplication          :
        Started PortfolioApiApplication in 3.892 seconds (process running for 380.63)
2026-07-27 15:44:08.027  INFO --- [restartedMain] c.a.r.p.seeder.DatabaseSeeder            :
        Mengeksekusi isolasi seeder untuk environment development...
2026-07-27 15:44:08.165  INFO --- [restartedMain] c.a.r.p.seeder.ProjectSeeder             :
        Projects table has already have a data. Skipping seeding for project entity.
2026-07-27 15:44:08.387  INFO --- [restartedMain] c.a.r.p.seeder.ExperienceSeeder          :
        Experiences table has already have a data. Skipping seeding for experience entity.
2026-07-27 15:44:08.573  INFO --- [restartedMain] c.a.r.portfolio_api.seeder.BlogSeeder    :
        Blogs table has already have a data. Skipping seeding for blog entity.
2026-07-27 15:44:08.780  INFO --- [restartedMain] c.a.rizz.portfolio_api.seeder.UseSeeder  :
        Uses table has already have a data. Skipping seeding for use entity.
2026-07-27 15:44:08.780  INFO --- [restartedMain] c.a.r.p.seeder.DatabaseSeeder            :
        Seluruh mock data berhasil diinjeksi.
2026-07-27 15:44:08.781  INFO --- [restartedMain] .ConditionEvaluationDeltaLoggingListener :
        Condition evaluation unchanged
2026-07-27 15:44:09.437  INFO --- [File Watcher] rtingClassPathChangeChangedEventListener :
        Restarting due to 1 class path change (0 additions, 0 deletions, 1 modification)
2026-07-27 15:44:09.438  INFO --- [Thread-81] o.s.boot.tomcat.GracefulShutdown         :
        Commencing graceful shutdown. Waiting for active requests to complete
2026-07-27 15:44:09.441  INFO --- [tomcat-shutdown] o.s.boot.tomcat.GracefulShutdown         :
        Graceful shutdown complete
2026-07-27 15:44:09.482  INFO --- [Thread-81] j.LocalContainerEntityManagerFactoryBean :
        Closing JPA EntityManagerFactory for persistence unit 'default'
2026-07-27 15:44:09.483  INFO --- [Thread-81] com.zaxxer.hikari.HikariDataSource       :
        HikariPool-21 - Shutdown initiated...
2026-07-27 15:44:10.157  INFO --- [Thread-81] com.zaxxer.hikari.HikariDataSource       :
        HikariPool-21 - Shutdown completed.
2026-07-27 15:44:10.282  INFO --- [restartedMain] c.a.r.p.PortfolioApiApplication          :
        Starting PortfolioApiApplication using Java 25.0.3 with PID 23752 (D:\kodingan\personal\portfolio-api\target\classes started by fujiy in D:\kodingan\personal\portfolio-api)
2026-07-27 15:44:10.282  INFO --- [restartedMain] c.a.r.p.PortfolioApiApplication          :
        The following 1 profile is active: "dev"
2026-07-27 15:44:10.387  INFO --- [restartedMain] .s.d.r.c.RepositoryConfigurationDelegate :
        Multiple Spring Data modules found, entering strict repository configuration mode
2026-07-27 15:44:10.387  INFO --- [restartedMain] .s.d.r.c.RepositoryConfigurationDelegate :
        Bootstrapping Spring Data JPA repositories in DEFAULT mode.
2026-07-27 15:44:10.401  INFO --- [restartedMain] .s.d.r.c.RepositoryConfigurationDelegate :
        Finished Spring Data repository scanning in 12 ms. Found 6 JPA repository interfaces.
2026-07-27 15:44:10.404  INFO --- [restartedMain] .s.d.r.c.RepositoryConfigurationDelegate :
        Multiple Spring Data modules found, entering strict repository configuration mode
2026-07-27 15:44:10.405  INFO --- [restartedMain] .s.d.r.c.RepositoryConfigurationDelegate :
        Bootstrapping Spring Data Redis repositories in DEFAULT mode.
2026-07-27 15:44:10.407  INFO --- [restartedMain] .RepositoryConfigurationExtensionSupport :
        Spring Data Redis - Could not safely identify store assignment for repository candidate interface com.api.rizz.portfolio_api.repository.BlogAttachmentRepository; If you want this repository to be a Redis repository, consider annotating your entities with one of these annotations: org.springframework.data.redis.core.RedisHash (preferred), or consider extending one of the following types with your repository: org.springframework.data.keyvalue.repository.KeyValueRepository
2026-07-27 15:44:10.408  INFO --- [restartedMain] .RepositoryConfigurationExtensionSupport :
        Spring Data Redis - Could not safely identify store assignment for repository candidate interface com.api.rizz.portfolio_api.repository.BlogRepository; If you want this repository to be a Redis repository, consider annotating your entities with one of these annotations: org.springframework.data.redis.core.RedisHash (preferred), or consider extending one of the following types with your repository: org.springframework.data.keyvalue.repository.KeyValueRepository
2026-07-27 15:44:10.408  INFO --- [restartedMain] .RepositoryConfigurationExtensionSupport :
        Spring Data Redis - Could not safely identify store assignment for repository candidate interface com.api.rizz.portfolio_api.repository.ExperienceRepository; If you want this repository to be a Redis repository, consider annotating your entities with one of these annotations: org.springframework.data.redis.core.RedisHash (preferred), or consider extending one of the following types with your repository: org.springframework.data.keyvalue.repository.KeyValueRepository
2026-07-27 15:44:10.408  INFO --- [restartedMain] .RepositoryConfigurationExtensionSupport :
        Spring Data Redis - Could not safely identify store assignment for repository candidate interface com.api.rizz.portfolio_api.repository.ProjectRepository; If you want this repository to be a Redis repository, consider annotating your entities with one of these annotations: org.springframework.data.redis.core.RedisHash (preferred), or consider extending one of the following types with your repository: org.springframework.data.keyvalue.repository.KeyValueRepository
2026-07-27 15:44:10.408  INFO --- [restartedMain] .RepositoryConfigurationExtensionSupport :
        Spring Data Redis - Could not safely identify store assignment for repository candidate interface com.api.rizz.portfolio_api.repository.UseRepository; If you want this repository to be a Redis repository, consider annotating your entities with one of these annotations: org.springframework.data.redis.core.RedisHash (preferred), or consider extending one of the following types with your repository: org.springframework.data.keyvalue.repository.KeyValueRepository
2026-07-27 15:44:10.408  INFO --- [restartedMain] .RepositoryConfigurationExtensionSupport :
        Spring Data Redis - Could not safely identify store assignment for repository candidate interface com.api.rizz.portfolio_api.repository.UserRepository; If you want this repository to be a Redis repository, consider annotating your entities with one of these annotations: org.springframework.data.redis.core.RedisHash (preferred), or consider extending one of the following types with your repository: org.springframework.data.keyvalue.repository.KeyValueRepository
2026-07-27 15:44:10.408  INFO --- [restartedMain] .s.d.r.c.RepositoryConfigurationDelegate :
        Finished Spring Data repository scanning in 3 ms. Found 0 Redis repository interfaces.
2026-07-27 15:44:10.462  INFO --- [restartedMain] o.s.boot.tomcat.TomcatWebServer          :
        Tomcat initialized with port 8080 (http)
2026-07-27 15:44:10.462  INFO --- [restartedMain] o.apache.catalina.core.StandardService   :
        Starting service [Tomcat]
2026-07-27 15:44:10.462  INFO --- [restartedMain] o.apache.catalina.core.StandardEngine    :
        Starting Servlet engine: [Apache Tomcat/11.0.22]
2026-07-27 15:44:10.489  INFO --- [restartedMain] b.w.c.s.WebApplicationContextInitializer :
        Root WebApplicationContext: initialization completed in 205 ms
2026-07-27 15:44:10.514  INFO --- [restartedMain] com.zaxxer.hikari.HikariDataSource       :
        HikariPool-22 - Starting...
2026-07-27 15:44:11.041  INFO --- [restartedMain] com.zaxxer.hikari.pool.HikariPool        :
        HikariPool-22 - Added connection org.postgresql.jdbc.PgConnection@268e38f4
2026-07-27 15:44:11.041  INFO --- [restartedMain] com.zaxxer.hikari.HikariDataSource       :
        HikariPool-22 - Start completed.
2026-07-27 15:44:11.088  INFO --- [restartedMain] org.flywaydb.core.FlywayExecutor         :
        Database: jdbc:postgresql://ep-divine-meadow-ao56u82a-pooler.c-2.ap-southeast-1.aws.neon.tech/neondb?user=neondb_owner&password=********&sslmode=require&channelBinding=require (PostgreSQL 18.4)
2026-07-27 15:44:12.070  INFO --- [restartedMain] o.f.core.internal.command.DbValidate     :
        Successfully validated 6 migrations (execution time 00:00.206s)
2026-07-27 15:44:12.684  INFO --- [restartedMain] o.f.core.internal.command.DbMigrate      :
        Current version of schema "public": 6
2026-07-27 15:44:12.716  INFO --- [restartedMain] o.f.core.internal.command.DbMigrate      :
        Schema "public" is up to date. No migration necessary.
2026-07-27 15:44:12.998  INFO --- [restartedMain] org.hibernate.orm.jpa                    :
        HHH008540: Processing PersistenceUnitInfo [name: default]
2026-07-27 15:44:13.012  INFO --- [restartedMain] o.s.o.j.p.SpringPersistenceUnitInfo      :
        No LoadTimeWeaver setup: ignoring JPA class transformer
2026-07-27 15:44:13.252  INFO --- [restartedMain] org.hibernate.orm.connections.pooling    :
        HHH10001005: Database info:
	Database JDBC URL [jdbc:postgresql://ep-divine-meadow-ao56u82a-pooler.c-2.ap-southeast-1.aws.neon.tech/neondb?user=neondb_owner&password=npg_JNezHr24wRvm&sslmode=require&channelBinding=require]
	Database driver: PostgreSQL JDBC Driver
	Database dialect: PostgreSQLDialect
	Database version: 18.4
	Default catalog/schema: neondb/public
	Autocommit mode: undefined/unknown
	Isolation level: READ_COMMITTED [default READ_COMMITTED]
	JDBC fetch size: none
	Pool: DataSourceConnectionProvider
	Minimum pool size: undefined/unknown
	Maximum pool size: undefined/unknown
2026-07-27 15:44:13.313  INFO --- [restartedMain] org.hibernate.orm.core                   :
        HHH000489: No JTA platform available (set 'hibernate.transaction.jta.platform' to enable JTA platform integration)
2026-07-27 15:44:13.314  INFO --- [restartedMain] j.LocalContainerEntityManagerFactoryBean :
        Initialized JPA EntityManagerFactory for persistence unit 'default'
2026-07-27 15:44:13.350  INFO --- [restartedMain] eAuthenticationProviderManagerConfigurer :
        Global AuthenticationManager configured with AuthenticationProvider bean with name authenticationProvider
2026-07-27 15:44:13.350  WARN --- [restartedMain] r$InitializeUserDetailsManagerConfigurer :
        Global AuthenticationManager configured with an AuthenticationProvider bean. UserDetailsService beans will not be used by Spring Security for automatically configuring username/password login. Consider removing the AuthenticationProvider bean. Alternatively, consider using the UserDetailsService in a manually instantiated DaoAuthenticationProvider. If the current configuration is intentional, to turn off this warning, increase the logging level of 'org.springframework.security.config.annotation.authentication.configuration.InitializeUserDetailsBeanManagerConfigurer' to ERROR
2026-07-27 15:44:13.448 DEBUG --- [restartedMain] o.s.s.web.DefaultSecurityFilterChain     :
        Will secure any request with filters: DisableEncodeUrlFilter, WebAsyncManagerIntegrationFilter, SecurityContextHolderFilter, HeaderWriterFilter, LogoutFilter, JwtAuthFilter, RequestCacheAwareFilter, SecurityContextHolderAwareRequestFilter, AnonymousAuthenticationFilter, SessionManagementFilter, ExceptionTranslationFilter, AuthorizationFilter
2026-07-27 15:44:13.525  INFO --- [restartedMain] o.s.b.a.e.web.EndpointLinksResolver      :
        Exposing 1 endpoint beneath base path '/actuator'
2026-07-27 15:44:13.535  INFO --- [restartedMain] o.s.boot.tomcat.TomcatWebServer          :
        Tomcat started on port 8080 (http) with context path '/api/v1'
2026-07-27 15:44:13.537  INFO --- [restartedMain] c.a.r.p.PortfolioApiApplication          :
        Started PortfolioApiApplication in 3.27 seconds (process running for 386.142)
2026-07-27 15:44:13.544  INFO --- [restartedMain] c.a.r.p.seeder.DatabaseSeeder            :
        Mengeksekusi isolasi seeder untuk environment development...
2026-07-27 15:44:13.625  INFO --- [restartedMain] c.a.r.p.seeder.ProjectSeeder             :
        Projects table has already have a data. Skipping seeding for project entity.
2026-07-27 15:44:13.694  INFO --- [restartedMain] c.a.r.p.seeder.ExperienceSeeder          :
        Experiences table has already have a data. Skipping seeding for experience entity.
2026-07-27 15:44:13.785  INFO --- [restartedMain] c.a.r.portfolio_api.seeder.BlogSeeder    :
        Blogs table has already have a data. Skipping seeding for blog entity.
2026-07-27 15:44:13.890  INFO --- [restartedMain] c.a.rizz.portfolio_api.seeder.UseSeeder  :
        Uses table has already have a data. Skipping seeding for use entity.
2026-07-27 15:44:13.891  INFO --- [restartedMain] c.a.r.p.seeder.DatabaseSeeder            :
        Seluruh mock data berhasil diinjeksi.
2026-07-27 15:44:13.892  INFO --- [restartedMain] .ConditionEvaluationDeltaLoggingListener :
        Condition evaluation unchanged
2026-07-27 15:44:28.227  INFO --- [File Watcher] rtingClassPathChangeChangedEventListener :
        Restarting due to 6 class path changes (0 additions, 0 deletions, 6 modifications)
2026-07-27 15:44:28.229  INFO --- [Thread-85] o.s.boot.tomcat.GracefulShutdown         :
        Commencing graceful shutdown. Waiting for active requests to complete
2026-07-27 15:44:28.231  INFO --- [tomcat-shutdown] o.s.boot.tomcat.GracefulShutdown         :
        Graceful shutdown complete
2026-07-27 15:44:28.236  INFO --- [Thread-85] j.LocalContainerEntityManagerFactoryBean :
        Closing JPA EntityManagerFactory for persistence unit 'default'
2026-07-27 15:44:28.236  INFO --- [Thread-85] com.zaxxer.hikari.HikariDataSource       :
        HikariPool-22 - Shutdown initiated...
2026-07-27 15:44:28.786  INFO --- [Thread-85] com.zaxxer.hikari.HikariDataSource       :
        HikariPool-22 - Shutdown completed.
2026-07-27 15:44:29.063  INFO --- [restartedMain] c.a.r.p.PortfolioApiApplication          :
        Starting PortfolioApiApplication using Java 25.0.3 with PID 23752 (D:\kodingan\personal\portfolio-api\target\classes started by fujiy in D:\kodingan\personal\portfolio-api)
2026-07-27 15:44:29.063  INFO --- [restartedMain] c.a.r.p.PortfolioApiApplication          :
        The following 1 profile is active: "dev"
2026-07-27 15:44:29.300  INFO --- [restartedMain] .s.d.r.c.RepositoryConfigurationDelegate :
        Multiple Spring Data modules found, entering strict repository configuration mode
2026-07-27 15:44:29.305  INFO --- [restartedMain] .s.d.r.c.RepositoryConfigurationDelegate :
        Bootstrapping Spring Data JPA repositories in DEFAULT mode.
2026-07-27 15:44:29.360  INFO --- [restartedMain] .s.d.r.c.RepositoryConfigurationDelegate :
        Finished Spring Data repository scanning in 51 ms. Found 6 JPA repository interfaces.
2026-07-27 15:44:29.383  INFO --- [restartedMain] .s.d.r.c.RepositoryConfigurationDelegate :
        Multiple Spring Data modules found, entering strict repository configuration mode
2026-07-27 15:44:29.393  INFO --- [restartedMain] .s.d.r.c.RepositoryConfigurationDelegate :
        Bootstrapping Spring Data Redis repositories in DEFAULT mode.
2026-07-27 15:44:29.407  INFO --- [restartedMain] .RepositoryConfigurationExtensionSupport :
        Spring Data Redis - Could not safely identify store assignment for repository candidate interface com.api.rizz.portfolio_api.repository.BlogAttachmentRepository; If you want this repository to be a Redis repository, consider annotating your entities with one of these annotations: org.springframework.data.redis.core.RedisHash (preferred), or consider extending one of the following types with your repository: org.springframework.data.keyvalue.repository.KeyValueRepository
2026-07-27 15:44:29.410  INFO --- [restartedMain] .RepositoryConfigurationExtensionSupport :
        Spring Data Redis - Could not safely identify store assignment for repository candidate interface com.api.rizz.portfolio_api.repository.BlogRepository; If you want this repository to be a Redis repository, consider annotating your entities with one of these annotations: org.springframework.data.redis.core.RedisHash (preferred), or consider extending one of the following types with your repository: org.springframework.data.keyvalue.repository.KeyValueRepository
2026-07-27 15:44:29.415  INFO --- [restartedMain] .RepositoryConfigurationExtensionSupport :
        Spring Data Redis - Could not safely identify store assignment for repository candidate interface com.api.rizz.portfolio_api.repository.ExperienceRepository; If you want this repository to be a Redis repository, consider annotating your entities with one of these annotations: org.springframework.data.redis.core.RedisHash (preferred), or consider extending one of the following types with your repository: org.springframework.data.keyvalue.repository.KeyValueRepository
2026-07-27 15:44:29.422  INFO --- [restartedMain] .RepositoryConfigurationExtensionSupport :
        Spring Data Redis - Could not safely identify store assignment for repository candidate interface com.api.rizz.portfolio_api.repository.ProjectRepository; If you want this repository to be a Redis repository, consider annotating your entities with one of these annotations: org.springframework.data.redis.core.RedisHash (preferred), or consider extending one of the following types with your repository: org.springframework.data.keyvalue.repository.KeyValueRepository
2026-07-27 15:44:29.434  INFO --- [restartedMain] .RepositoryConfigurationExtensionSupport :
        Spring Data Redis - Could not safely identify store assignment for repository candidate interface com.api.rizz.portfolio_api.repository.UseRepository; If you want this repository to be a Redis repository, consider annotating your entities with one of these annotations: org.springframework.data.redis.core.RedisHash (preferred), or consider extending one of the following types with your repository: org.springframework.data.keyvalue.repository.KeyValueRepository
2026-07-27 15:44:29.436  INFO --- [restartedMain] .RepositoryConfigurationExtensionSupport :
        Spring Data Redis - Could not safely identify store assignment for repository candidate interface com.api.rizz.portfolio_api.repository.UserRepository; If you want this repository to be a Redis repository, consider annotating your entities with one of these annotations: org.springframework.data.redis.core.RedisHash (preferred), or consider extending one of the following types with your repository: org.springframework.data.keyvalue.repository.KeyValueRepository
2026-07-27 15:44:29.438  INFO --- [restartedMain] .s.d.r.c.RepositoryConfigurationDelegate :
        Finished Spring Data repository scanning in 36 ms. Found 0 Redis repository interfaces.
2026-07-27 15:44:29.561  INFO --- [restartedMain] o.s.boot.tomcat.TomcatWebServer          :
        Tomcat initialized with port 8080 (http)
2026-07-27 15:44:29.562  INFO --- [restartedMain] o.apache.catalina.core.StandardService   :
        Starting service [Tomcat]
2026-07-27 15:44:29.562  INFO --- [restartedMain] o.apache.catalina.core.StandardEngine    :
        Starting Servlet engine: [Apache Tomcat/11.0.22]
2026-07-27 15:44:29.581  INFO --- [restartedMain] b.w.c.s.WebApplicationContextInitializer :
        Root WebApplicationContext: initialization completed in 515 ms
2026-07-27 15:44:29.607  INFO --- [restartedMain] com.zaxxer.hikari.HikariDataSource       :
        HikariPool-23 - Starting...
2026-07-27 15:44:30.465  INFO --- [restartedMain] com.zaxxer.hikari.pool.HikariPool        :
        HikariPool-23 - Added connection org.postgresql.jdbc.PgConnection@a828f86
2026-07-27 15:44:30.467  INFO --- [restartedMain] com.zaxxer.hikari.HikariDataSource       :
        HikariPool-23 - Start completed.
2026-07-27 15:44:30.507  INFO --- [restartedMain] org.flywaydb.core.FlywayExecutor         :
        Database: jdbc:postgresql://ep-divine-meadow-ao56u82a-pooler.c-2.ap-southeast-1.aws.neon.tech/neondb?user=neondb_owner&password=********&sslmode=require&channelBinding=require (PostgreSQL 18.4)
2026-07-27 15:44:31.290  INFO --- [restartedMain] o.f.core.internal.command.DbValidate     :
        Successfully validated 6 migrations (execution time 00:00.272s)
2026-07-27 15:44:32.236  INFO --- [restartedMain] o.f.core.internal.command.DbMigrate      :
        Current version of schema "public": 6
2026-07-27 15:44:32.274  INFO --- [restartedMain] o.f.core.internal.command.DbMigrate      :
        Schema "public" is up to date. No migration necessary.
2026-07-27 15:44:32.689  INFO --- [restartedMain] org.hibernate.orm.jpa                    :
        HHH008540: Processing PersistenceUnitInfo [name: default]
2026-07-27 15:44:32.704  INFO --- [restartedMain] o.s.o.j.p.SpringPersistenceUnitInfo      :
        No LoadTimeWeaver setup: ignoring JPA class transformer
2026-07-27 15:44:32.974  INFO --- [restartedMain] org.hibernate.orm.connections.pooling    :
        HHH10001005: Database info:
	Database JDBC URL [jdbc:postgresql://ep-divine-meadow-ao56u82a-pooler.c-2.ap-southeast-1.aws.neon.tech/neondb?user=neondb_owner&password=npg_JNezHr24wRvm&sslmode=require&channelBinding=require]
	Database driver: PostgreSQL JDBC Driver
	Database dialect: PostgreSQLDialect
	Database version: 18.4
	Default catalog/schema: neondb/public
	Autocommit mode: undefined/unknown
	Isolation level: READ_COMMITTED [default READ_COMMITTED]
	JDBC fetch size: none
	Pool: DataSourceConnectionProvider
	Minimum pool size: undefined/unknown
	Maximum pool size: undefined/unknown
2026-07-27 15:44:33.082  INFO --- [restartedMain] org.hibernate.orm.core                   :
        HHH000489: No JTA platform available (set 'hibernate.transaction.jta.platform' to enable JTA platform integration)
2026-07-27 15:44:33.083  INFO --- [restartedMain] j.LocalContainerEntityManagerFactoryBean :
        Initialized JPA EntityManagerFactory for persistence unit 'default'
2026-07-27 15:44:33.151  WARN --- [restartedMain] ConfigServletWebServerApplicationContext :
        Exception encountered during context initialization - cancelling refresh attempt: org.springframework.beans.factory.UnsatisfiedDependencyException: Error creating bean with name 'authController' defined in file [D:\kodingan\personal\portfolio-api\target\classes\com\api\rizz\portfolio_api\controller\AuthController.class]: Unsatisfied dependency expressed through constructor parameter 0: Error creating bean with name 'authService' defined in file [D:\kodingan\personal\portfolio-api\target\classes\com\api\rizz\portfolio_api\service\AuthService.class]: Unsatisfied dependency expressed through constructor parameter 1: No qualifying bean of type 'com.api.rizz.portfolio_api.mapper.AuthMapper' available: expected at least 1 bean which qualifies as autowire candidate. Dependency annotations: {}
2026-07-27 15:44:33.151  INFO --- [restartedMain] j.LocalContainerEntityManagerFactoryBean :
        Closing JPA EntityManagerFactory for persistence unit 'default'
2026-07-27 15:44:33.152  INFO --- [restartedMain] com.zaxxer.hikari.HikariDataSource       :
        HikariPool-23 - Shutdown initiated...
2026-07-27 15:44:33.555  INFO --- [restartedMain] com.zaxxer.hikari.HikariDataSource       :
        HikariPool-23 - Shutdown completed.
2026-07-27 15:44:33.557  INFO --- [restartedMain] o.apache.catalina.core.StandardService   :
        Stopping service [Tomcat]
2026-07-27 15:44:33.562  INFO --- [restartedMain] .s.b.a.l.ConditionEvaluationReportLogger :
        

Error starting ApplicationContext. To display the condition evaluation report re-run your application with 'debug' enabled.
2026-07-27 15:44:33.574 ERROR --- [restartedMain] o.s.b.d.LoggingFailureAnalysisReporter   :
        

***************************
APPLICATION FAILED TO START
***************************

Description:

Parameter 1 of constructor in com.api.rizz.portfolio_api.service.AuthService required a bean of type 'com.api.rizz.portfolio_api.mapper.AuthMapper' that could not be found.


Action:

Consider defining a bean of type 'com.api.rizz.portfolio_api.mapper.AuthMapper' in your configuration.

2026-07-27 15:44:35.015  INFO --- [restartedMain] c.a.r.p.PortfolioApiApplication          :
        Starting PortfolioApiApplication using Java 25.0.3 with PID 23752 (D:\kodingan\personal\portfolio-api\target\classes started by fujiy in D:\kodingan\personal\portfolio-api)
2026-07-27 15:44:35.015  INFO --- [restartedMain] c.a.r.p.PortfolioApiApplication          :
        The following 1 profile is active: "dev"
2026-07-27 15:44:35.545  INFO --- [restartedMain] .s.d.r.c.RepositoryConfigurationDelegate :
        Multiple Spring Data modules found, entering strict repository configuration mode
2026-07-27 15:44:35.545  INFO --- [restartedMain] .s.d.r.c.RepositoryConfigurationDelegate :
        Bootstrapping Spring Data JPA repositories in DEFAULT mode.
2026-07-27 15:44:35.557  INFO --- [restartedMain] .s.d.r.c.RepositoryConfigurationDelegate :
        Finished Spring Data repository scanning in 11 ms. Found 6 JPA repository interfaces.
2026-07-27 15:44:35.562  INFO --- [restartedMain] .s.d.r.c.RepositoryConfigurationDelegate :
        Multiple Spring Data modules found, entering strict repository configuration mode
2026-07-27 15:44:35.562  INFO --- [restartedMain] .s.d.r.c.RepositoryConfigurationDelegate :
        Bootstrapping Spring Data Redis repositories in DEFAULT mode.
2026-07-27 15:44:35.564  INFO --- [restartedMain] .RepositoryConfigurationExtensionSupport :
        Spring Data Redis - Could not safely identify store assignment for repository candidate interface com.api.rizz.portfolio_api.repository.BlogAttachmentRepository; If you want this repository to be a Redis repository, consider annotating your entities with one of these annotations: org.springframework.data.redis.core.RedisHash (preferred), or consider extending one of the following types with your repository: org.springframework.data.keyvalue.repository.KeyValueRepository
2026-07-27 15:44:35.564  INFO --- [restartedMain] .RepositoryConfigurationExtensionSupport :
        Spring Data Redis - Could not safely identify store assignment for repository candidate interface com.api.rizz.portfolio_api.repository.BlogRepository; If you want this repository to be a Redis repository, consider annotating your entities with one of these annotations: org.springframework.data.redis.core.RedisHash (preferred), or consider extending one of the following types with your repository: org.springframework.data.keyvalue.repository.KeyValueRepository
2026-07-27 15:44:35.564  INFO --- [restartedMain] .RepositoryConfigurationExtensionSupport :
        Spring Data Redis - Could not safely identify store assignment for repository candidate interface com.api.rizz.portfolio_api.repository.ExperienceRepository; If you want this repository to be a Redis repository, consider annotating your entities with one of these annotations: org.springframework.data.redis.core.RedisHash (preferred), or consider extending one of the following types with your repository: org.springframework.data.keyvalue.repository.KeyValueRepository
2026-07-27 15:44:35.564  INFO --- [restartedMain] .RepositoryConfigurationExtensionSupport :
        Spring Data Redis - Could not safely identify store assignment for repository candidate interface com.api.rizz.portfolio_api.repository.ProjectRepository; If you want this repository to be a Redis repository, consider annotating your entities with one of these annotations: org.springframework.data.redis.core.RedisHash (preferred), or consider extending one of the following types with your repository: org.springframework.data.keyvalue.repository.KeyValueRepository
2026-07-27 15:44:35.564  INFO --- [restartedMain] .RepositoryConfigurationExtensionSupport :
        Spring Data Redis - Could not safely identify store assignment for repository candidate interface com.api.rizz.portfolio_api.repository.UseRepository; If you want this repository to be a Redis repository, consider annotating your entities with one of these annotations: org.springframework.data.redis.core.RedisHash (preferred), or consider extending one of the following types with your repository: org.springframework.data.keyvalue.repository.KeyValueRepository
2026-07-27 15:44:35.564  INFO --- [restartedMain] .RepositoryConfigurationExtensionSupport :
        Spring Data Redis - Could not safely identify store assignment for repository candidate interface com.api.rizz.portfolio_api.repository.UserRepository; If you want this repository to be a Redis repository, consider annotating your entities with one of these annotations: org.springframework.data.redis.core.RedisHash (preferred), or consider extending one of the following types with your repository: org.springframework.data.keyvalue.repository.KeyValueRepository
2026-07-27 15:44:35.566  INFO --- [restartedMain] .s.d.r.c.RepositoryConfigurationDelegate :
        Finished Spring Data repository scanning in 2 ms. Found 0 Redis repository interfaces.
2026-07-27 15:44:35.661  INFO --- [restartedMain] o.s.boot.tomcat.TomcatWebServer          :
        Tomcat initialized with port 8080 (http)
2026-07-27 15:44:35.662  INFO --- [restartedMain] o.apache.catalina.core.StandardService   :
        Starting service [Tomcat]
2026-07-27 15:44:35.662  INFO --- [restartedMain] o.apache.catalina.core.StandardEngine    :
        Starting Servlet engine: [Apache Tomcat/11.0.22]
2026-07-27 15:44:35.680  INFO --- [restartedMain] b.w.c.s.WebApplicationContextInitializer :
        Root WebApplicationContext: initialization completed in 664 ms
2026-07-27 15:44:35.732  INFO --- [restartedMain] com.zaxxer.hikari.HikariDataSource       :
        HikariPool-24 - Starting...
2026-07-27 15:44:36.529  INFO --- [restartedMain] com.zaxxer.hikari.pool.HikariPool        :
        HikariPool-24 - Added connection org.postgresql.jdbc.PgConnection@75f94fbd
2026-07-27 15:44:36.529  INFO --- [restartedMain] com.zaxxer.hikari.HikariDataSource       :
        HikariPool-24 - Start completed.
2026-07-27 15:44:36.633  INFO --- [restartedMain] org.flywaydb.core.FlywayExecutor         :
        Database: jdbc:postgresql://ep-divine-meadow-ao56u82a-pooler.c-2.ap-southeast-1.aws.neon.tech/neondb?user=neondb_owner&password=********&sslmode=require&channelBinding=require (PostgreSQL 18.4)
2026-07-27 15:44:37.693  INFO --- [restartedMain] o.f.core.internal.command.DbValidate     :
        Successfully validated 6 migrations (execution time 00:00.334s)
2026-07-27 15:44:38.425  INFO --- [restartedMain] o.f.core.internal.command.DbMigrate      :
        Current version of schema "public": 6
2026-07-27 15:44:38.481  INFO --- [restartedMain] o.f.core.internal.command.DbMigrate      :
        Schema "public" is up to date. No migration necessary.
2026-07-27 15:44:38.801  INFO --- [restartedMain] org.hibernate.orm.jpa                    :
        HHH008540: Processing PersistenceUnitInfo [name: default]
2026-07-27 15:44:38.814  INFO --- [restartedMain] o.s.o.j.p.SpringPersistenceUnitInfo      :
        No LoadTimeWeaver setup: ignoring JPA class transformer
2026-07-27 15:44:39.138  INFO --- [restartedMain] org.hibernate.orm.connections.pooling    :
        HHH10001005: Database info:
	Database JDBC URL [jdbc:postgresql://ep-divine-meadow-ao56u82a-pooler.c-2.ap-southeast-1.aws.neon.tech/neondb?user=neondb_owner&password=npg_JNezHr24wRvm&sslmode=require&channelBinding=require]
	Database driver: PostgreSQL JDBC Driver
	Database dialect: PostgreSQLDialect
	Database version: 18.4
	Default catalog/schema: neondb/public
	Autocommit mode: undefined/unknown
	Isolation level: READ_COMMITTED [default READ_COMMITTED]
	JDBC fetch size: none
	Pool: DataSourceConnectionProvider
	Minimum pool size: undefined/unknown
	Maximum pool size: undefined/unknown
2026-07-27 15:44:39.210  INFO --- [restartedMain] org.hibernate.orm.core                   :
        HHH000489: No JTA platform available (set 'hibernate.transaction.jta.platform' to enable JTA platform integration)
2026-07-27 15:44:39.210  INFO --- [restartedMain] j.LocalContainerEntityManagerFactoryBean :
        Initialized JPA EntityManagerFactory for persistence unit 'default'
2026-07-27 15:44:39.247  INFO --- [restartedMain] eAuthenticationProviderManagerConfigurer :
        Global AuthenticationManager configured with AuthenticationProvider bean with name authenticationProvider
2026-07-27 15:44:39.247  WARN --- [restartedMain] r$InitializeUserDetailsManagerConfigurer :
        Global AuthenticationManager configured with an AuthenticationProvider bean. UserDetailsService beans will not be used by Spring Security for automatically configuring username/password login. Consider removing the AuthenticationProvider bean. Alternatively, consider using the UserDetailsService in a manually instantiated DaoAuthenticationProvider. If the current configuration is intentional, to turn off this warning, increase the logging level of 'org.springframework.security.config.annotation.authentication.configuration.InitializeUserDetailsBeanManagerConfigurer' to ERROR
2026-07-27 15:44:39.336 DEBUG --- [restartedMain] o.s.s.web.DefaultSecurityFilterChain     :
        Will secure any request with filters: DisableEncodeUrlFilter, WebAsyncManagerIntegrationFilter, SecurityContextHolderFilter, HeaderWriterFilter, LogoutFilter, JwtAuthFilter, RequestCacheAwareFilter, SecurityContextHolderAwareRequestFilter, AnonymousAuthenticationFilter, SessionManagementFilter, ExceptionTranslationFilter, AuthorizationFilter
2026-07-27 15:44:39.425  INFO --- [restartedMain] o.s.b.a.e.web.EndpointLinksResolver      :
        Exposing 1 endpoint beneath base path '/actuator'
2026-07-27 15:44:39.439  INFO --- [restartedMain] o.s.boot.tomcat.TomcatWebServer          :
        Tomcat started on port 8080 (http) with context path '/api/v1'
2026-07-27 15:44:39.441  INFO --- [restartedMain] c.a.r.p.PortfolioApiApplication          :
        Started PortfolioApiApplication in 4.435 seconds (process running for 412.046)
2026-07-27 15:44:39.442  INFO --- [restartedMain] c.a.r.p.seeder.DatabaseSeeder            :
        Mengeksekusi isolasi seeder untuk environment development...
2026-07-27 15:44:39.615  INFO --- [restartedMain] c.a.r.p.seeder.ProjectSeeder             :
        Projects table has already have a data. Skipping seeding for project entity.
2026-07-27 15:44:39.735  INFO --- [restartedMain] c.a.r.p.seeder.ExperienceSeeder          :
        Experiences table has already have a data. Skipping seeding for experience entity.
2026-07-27 15:44:39.822  INFO --- [restartedMain] c.a.r.portfolio_api.seeder.BlogSeeder    :
        Blogs table has already have a data. Skipping seeding for blog entity.
2026-07-27 15:44:39.928  INFO --- [restartedMain] c.a.rizz.portfolio_api.seeder.UseSeeder  :
        Uses table has already have a data. Skipping seeding for use entity.
2026-07-27 15:44:39.928  INFO --- [restartedMain] c.a.r.p.seeder.DatabaseSeeder            :
        Seluruh mock data berhasil diinjeksi.
2026-07-27 15:44:39.929  INFO --- [restartedMain] .ConditionEvaluationDeltaLoggingListener :
        Condition evaluation unchanged
